\BOOKMARK [0][-]{part.1}{\376\377\000I\000\040\000T\000a\000s\000k\000\040\000S\000p\000a\000c\000e\000s\000\040\000a\000n\000d\000\040\000O\000b\000s\000e\000r\000v\000a\000b\000l\000e\000\040\000S\000t\000r\000u\000c\000t\000u\000r\000e}{}% 1
\BOOKMARK [1][-]{section.1.0}{\376\377\000I\000n\000t\000r\000o\000d\000u\000c\000t\000i\000o\000n\000:\000\040\000S\000t\000a\000t\000i\000c\000\040\000T\000a\000s\000k\000\040\000P\000r\000e\000s\000e\000n\000t\000a\000t\000i\000o\000n\000s}{part.1}% 2
\BOOKMARK [2][-]{subsection.1.0.1}{\376\377\000W\000h\000a\000t\000\040\000t\000h\000i\000s\000\040\000p\000a\000p\000e\000r\000\040\000i\000n\000t\000r\000o\000d\000u\000c\000e\000s}{section.1.0}% 3
\BOOKMARK [2][-]{subsection.1.0.2}{\376\377\000A\000r\000c\000h\000i\000t\000e\000c\000t\000u\000r\000e\000-\000I\000n\000d\000e\000p\000e\000n\000d\000e\000n\000t\000\040\000C\000a\000p\000a\000b\000i\000l\000i\000t\000y\000\040\000A\000n\000a\000l\000y\000s\000i\000s}{section.1.0}% 4
\BOOKMARK [2][-]{subsection.1.0.3}{\376\377\000R\000e\000l\000a\000t\000i\000o\000n\000\040\000t\000o\000\040\000a\000d\000j\000a\000c\000e\000n\000t\000\040\000f\000r\000a\000m\000e\000w\000o\000r\000k\000s}{section.1.0}% 5
\BOOKMARK [2][-]{subsection.1.0.4}{\376\377\000C\000o\000n\000t\000r\000i\000b\000u\000t\000i\000o\000n\000s}{section.1.0}% 6
\BOOKMARK [2][-]{subsection.1.0.5}{\376\377\000E\000x\000e\000c\000u\000t\000i\000v\000e\000\040\000t\000h\000e\000o\000r\000e\000m\000\040\000m\000a\000p}{section.1.0}% 7
\BOOKMARK [2][-]{subsection.1.0.6}{\376\377\000H\000o\000w\000\040\000t\000o\000\040\000r\000e\000a\000d\000\040\000t\000h\000i\000s\000\040\000p\000a\000p\000e\000r}{section.1.0}% 8
\BOOKMARK [1][-]{section.1.1}{\376\377\000T\000h\000e\000\040\000T\000a\000s\000k\000-\000S\000p\000a\000c\000e\000\040\000S\000i\000g\000n\000a\000t\000u\000r\000e}{part.1}% 9
\BOOKMARK [1][-]{section.1.2}{\376\377\000T\000h\000e\000\040\000O\000b\000s\000e\000r\000v\000a\000b\000l\000e\000\040\000A\000l\000g\000e\000b\000r\000a}{part.1}% 10
\BOOKMARK [2][-]{subsection.1.2.1}{\376\377\000O\000b\000s\000e\000r\000v\000a\000b\000l\000e\000\040\000p\000a\000r\000t\000i\000t\000i\000o\000n\000s\000\040\000a\000n\000d\000\040\000m\000e\000a\000s\000u\000r\000a\000b\000l\000e\000\040\000r\000e\000a\000d\000o\000u\000t\000s}{section.1.2}% 11
\BOOKMARK [2][-]{subsection.1.2.2}{\376\377\000B\000u\000d\000g\000e\000t\000e\000d\000\040\000g\000e\000n\000e\000r\000a\000t\000i\000o\000n\000\040\000a\000n\000d\000\040\000r\000e\000f\000i\000n\000e\000m\000e\000n\000t}{section.1.2}% 12
\BOOKMARK [1][-]{section.1.3}{\376\377\000F\000a\000m\000i\000l\000i\000e\000s\000\040\000a\000n\000d\000\040\000I\000n\000s\000t\000a\000n\000c\000e\000s}{part.1}% 13
\BOOKMARK [1][-]{section.1.4}{\376\377\000S\000t\000a\000t\000i\000c\000\040\000T\000a\000r\000g\000e\000t\000\040\000R\000e\000l\000e\000v\000a\000n\000c\000e\000\040\000o\000f\000\040\000O\000b\000s\000e\000r\000v\000a\000b\000l\000e\000s}{part.1}% 14
\BOOKMARK [2][-]{subsection.1.4.1}{\376\377\000T\000a\000r\000g\000e\000t\000-\000r\000e\000l\000e\000v\000a\000n\000c\000e\000\040\000c\000r\000i\000t\000e\000r\000i\000a}{section.1.4}% 15
\BOOKMARK [2][-]{subsection.1.4.2}{\376\377\000P\000r\000o\000j\000e\000c\000t\000i\000o\000n\000\040\000c\000e\000i\000l\000i\000n\000g\000s\000\040\000f\000o\000r\000\040\000g\000e\000n\000e\000r\000a\000t\000e\000d\000\040\000a\000l\000g\000e\000b\000r\000a\000s}{section.1.4}% 16
\BOOKMARK [1][-]{section.1.5}{\376\377\000T\000a\000r\000g\000e\000t\000-\000D\000i\000s\000c\000r\000i\000m\000i\000n\000a\000t\000i\000o\000n\000\040\000C\000e\000r\000t\000i\000f\000i\000c\000a\000t\000e\000s\000\040\000a\000n\000d\000\040\000B\000u\000d\000g\000e\000t\000e\000d\000\040\000E\000x\000t\000r\000a\000c\000t\000i\000o\000n}{part.1}% 17
\BOOKMARK [2][-]{subsection.1.5.1}{\376\377\000B\000u\000d\000g\000e\000t\000e\000d\000\040\000e\000x\000t\000r\000a\000c\000t\000i\000o\000n\000\040\000l\000e\000d\000g\000e\000r\000s\000\040\000a\000n\000d\000\040\000c\000e\000i\000l\000i\000n\000g\000s}{section.1.5}% 18
\BOOKMARK [1][-]{section.1.6}{\376\377\000F\000i\000n\000i\000t\000e\000\040\000C\000o\000m\000p\000u\000t\000a\000b\000l\000e\000\040\000T\000a\000r\000g\000e\000t\000\040\000A\000u\000d\000i\000t\000s}{part.1}% 19
\BOOKMARK [1][-]{section.1.7}{\376\377\000P\000o\000i\000n\000t\000w\000i\000s\000e\000\040\000O\000b\000s\000e\000r\000v\000a\000b\000l\000e\000s\000\040\000a\000n\000d\000\040\000G\000e\000o\000m\000e\000t\000r\000i\000c\000\040\000R\000e\000g\000u\000l\000a\000r\000i\000t\000y}{part.1}% 20
\BOOKMARK [1][-]{section.1.8}{\376\377\000F\000i\000b\000e\000r\000-\000R\000e\000p\000r\000e\000s\000e\000n\000t\000e\000d\000\040\000O\000b\000s\000e\000r\000v\000a\000b\000l\000e\000s\000,\000\040\000L\000u\000m\000p\000a\000b\000i\000l\000i\000t\000y\000,\000\040\000a\000n\000d\000\040\000A\000l\000g\000e\000b\000r\000a\000i\000c\000\040\000Q\000u\000o\000t\000i\000e\000n\000t\000s}{part.1}% 21
\BOOKMARK [1][-]{section.1.9}{\376\377\000O\000b\000s\000e\000r\000v\000a\000b\000l\000e\000\040\000V\000e\000r\000s\000u\000s\000\040\000H\000i\000d\000d\000e\000n\000\040\000S\000t\000r\000u\000c\000t\000u\000r\000e}{part.1}% 22
\BOOKMARK [1][-]{section.1.10}{\376\377\000S\000c\000o\000r\000e\000s\000\040\000a\000n\000d\000\040\000S\000t\000a\000t\000e\000-\000t\000o\000-\000S\000t\000a\000t\000e\000\040\000R\000e\000l\000a\000t\000i\000o\000n\000s}{part.1}% 23
\BOOKMARK [1][-]{section.1.11}{\376\377\000E\000x\000a\000m\000p\000l\000e\000s\000\040\000o\000f\000\040\000S\000t\000a\000t\000i\000c\000\040\000T\000a\000s\000k\000\040\000P\000r\000e\000s\000e\000n\000t\000a\000t\000i\000o\000n\000s}{part.1}% 24
\BOOKMARK [2][-]{subsection.1.11.1}{\376\377\000S\000A\000T\000\040\000a\000s\000\040\000a\000\040\000T\000a\000s\000k\000\040\000S\000p\000a\000c\000e}{section.1.11}% 25
\BOOKMARK [2][-]{subsection.1.11.2}{\376\377\000S\000u\000b\000s\000e\000t\000\040\000S\000u\000m\000\040\000a\000n\000d\000\040\000E\000x\000p\000o\000s\000e\000d\000\040\000A\000r\000i\000t\000h\000m\000e\000t\000i\000c}{section.1.11}% 26
\BOOKMARK [1][-]{section.1.12}{\376\377\000A\000d\000m\000i\000s\000s\000i\000b\000l\000e\000\040\000P\000r\000e\000s\000e\000n\000t\000a\000t\000i\000o\000n\000\040\000E\000q\000u\000i\000v\000a\000l\000e\000n\000c\000e}{part.1}% 27
\BOOKMARK [1][-]{section.1.13}{\376\377\000S\000u\000m\000m\000a\000r\000y\000\040\000o\000f\000\040\000t\000h\000e\000\040\000S\000t\000a\000t\000i\000c\000\040\000T\000a\000s\000k\000\040\000P\000r\000e\000s\000e\000n\000t\000a\000t\000i\000o\000n}{part.1}% 28
\BOOKMARK [0][-]{part.2}{\376\377\000I\000I\000\040\000B\000u\000d\000g\000e\000t\000-\000A\000d\000m\000i\000s\000s\000i\000b\000l\000e\000\040\000D\000y\000n\000a\000m\000i\000c\000s\000\040\000a\000n\000d\000\040\000S\000t\000r\000u\000c\000t\000u\000r\000a\000l\000\040\000D\000e\000c\000o\000m\000p\000o\000s\000i\000t\000i\000o\000n}{}% 29
\BOOKMARK [1][-]{section.2.0}{\376\377\000I\000n\000t\000r\000o\000d\000u\000c\000t\000i\000o\000n\000:\000\040\000B\000u\000d\000g\000e\000t\000-\000A\000d\000m\000i\000s\000s\000i\000b\000l\000e\000\040\000D\000y\000n\000a\000m\000i\000c\000s}{part.2}% 30
\BOOKMARK [1][-]{section.2.1}{\376\377\000B\000u\000d\000g\000e\000t\000-\000A\000d\000m\000i\000s\000s\000i\000b\000l\000e\000\040\000M\000o\000v\000e\000m\000e\000n\000t\000\040\000a\000n\000d\000\040\000t\000h\000e\000\040\000S\000e\000a\000r\000c\000h\000\040\000O\000p\000e\000r\000a\000t\000o\000r}{part.2}% 31
\BOOKMARK [1][-]{section.2.2}{\376\377\000T\000h\000e\000\040\000G\000e\000n\000e\000r\000a\000t\000o\000r\000\040\000F\000o\000r\000m\000\040\000a\000n\000d\000\040\000t\000h\000e\000\040\000P\000o\000s\000i\000t\000i\000v\000e\000\040\000M\000a\000x\000i\000m\000u\000m\000\040\000P\000r\000i\000n\000c\000i\000p\000l\000e}{part.2}% 32
\BOOKMARK [1][-]{section.2.3}{\376\377\000T\000h\000e\000\040\000F\000i\000x\000e\000d\000-\000S\000p\000a\000c\000e\000\040\000D\000e\000c\000o\000m\000p\000o\000s\000i\000t\000i\000o\000n}{part.2}% 33
\BOOKMARK [1][-]{section.2.4}{\376\377\000F\000r\000o\000m\000\040\000t\000h\000e\000\040\000A\000l\000g\000e\000b\000r\000a\000i\000c\000\040\000S\000p\000l\000i\000t\000\040\000t\000o\000\040\000S\000t\000r\000u\000c\000t\000u\000r\000a\000l\000\040\000C\000h\000a\000n\000n\000e\000l\000s}{part.2}% 34
\BOOKMARK [2][-]{subsection.2.4.1}{\376\377\000P\000r\000o\000j\000e\000c\000t\000e\000d\000\040\000c\000h\000a\000n\000n\000e\000l\000s\000\040\000a\000n\000d\000\040\000c\000a\000u\000s\000a\000l\000\040\000a\000u\000t\000h\000o\000r\000i\000t\000y}{section.2.4}% 35
\BOOKMARK [1][-]{section.2.5}{\376\377\000Q\000u\000o\000t\000i\000e\000n\000t\000,\000\040\000L\000i\000f\000t\000e\000d\000-\000S\000t\000a\000t\000e\000,\000\040\000a\000n\000d\000\040\000O\000p\000e\000r\000a\000t\000i\000o\000n\000a\000l\000\040\000C\000h\000a\000n\000n\000e\000l\000s}{part.2}% 36
\BOOKMARK [2][-]{subsection.2.5.1}{\376\377\000R\000e\000s\000o\000u\000r\000c\000e\000\040\000e\000n\000v\000e\000l\000o\000p\000e\000s\000\040\000a\000n\000d\000\040\000o\000p\000e\000r\000a\000t\000i\000o\000n\000a\000l\000\040\000t\000r\000a\000n\000s\000c\000r\000i\000p\000t\000s}{section.2.5}% 37
\BOOKMARK [2][-]{subsection.2.5.2}{\376\377\000A\000d\000m\000i\000s\000s\000i\000b\000i\000l\000i\000t\000y\000\040\000a\000n\000d\000\040\000t\000r\000a\000n\000s\000c\000r\000i\000p\000t\000\040\000c\000o\000m\000p\000l\000e\000t\000e\000n\000e\000s\000s}{section.2.5}% 38
\BOOKMARK [1][-]{section.2.6}{\376\377\000P\000a\000r\000t\000i\000a\000l\000\040\000L\000u\000m\000p\000a\000b\000i\000l\000i\000t\000y\000\040\000a\000n\000d\000\040\000F\000u\000l\000l\000-\000O\000p\000e\000r\000a\000t\000o\000r\000\040\000A\000c\000c\000o\000u\000n\000t\000i\000n\000g}{part.2}% 39
\BOOKMARK [1][-]{section.2.7}{\376\377\000E\000x\000h\000a\000u\000s\000t\000i\000v\000e\000n\000e\000s\000s\000\040\000o\000f\000\040\000t\000h\000e\000\040\000S\000t\000r\000u\000c\000t\000u\000r\000a\000l\000\040\000D\000e\000c\000o\000m\000p\000o\000s\000i\000t\000i\000o\000n}{part.2}% 40
\BOOKMARK [2][-]{subsection.2.7.1}{\376\377\000E\000x\000h\000a\000u\000s\000t\000i\000v\000e\000\040\000c\000h\000a\000n\000n\000e\000l\000\040\000d\000e\000c\000o\000m\000p\000o\000s\000i\000t\000i\000o\000n}{section.2.7}% 41
\BOOKMARK [1][-]{section.2.8}{\376\377\000I\000n\000f\000o\000r\000m\000a\000t\000i\000o\000n\000\040\000P\000r\000o\000v\000e\000n\000a\000n\000c\000e\000\040\000a\000n\000d\000\040\000t\000h\000e\000\040\000R\000e\000s\000i\000d\000u\000a\000l\000\040\000B\000a\000n\000d}{part.2}% 42
\BOOKMARK [2][-]{subsection.2.8.1}{\376\377\000P\000o\000s\000t\000-\000E\000x\000h\000a\000u\000s\000t\000i\000o\000n\000\040\000B\000a\000n\000d\000:\000\040\000I\000r\000r\000e\000d\000u\000c\000i\000b\000i\000l\000i\000t\000y\000,\000\040\000E\000n\000u\000m\000e\000r\000a\000t\000i\000o\000n\000\040\000C\000o\000m\000p\000l\000e\000x\000i\000t\000y\000,\000\040\000a\000n\000d\000\040\000C\000o\000m\000p\000o\000s\000i\000t\000i\000o\000n\000\040\000C\000l\000o\000s\000u\000r\000e}{section.2.8}% 43
\BOOKMARK [1][-]{section.2.9}{\376\377\000R\000e\000p\000r\000e\000s\000e\000n\000t\000e\000d\000\040\000Q\000u\000o\000t\000i\000e\000n\000t\000\040\000G\000e\000o\000m\000e\000t\000r\000y\000\040\000a\000n\000d\000\040\000G\000e\000o\000m\000/\000A\000b\000s\000\040\000S\000o\000u\000r\000c\000e\000s}{part.2}% 44
\BOOKMARK [2][-]{subsection.2.9.1}{\376\377\000T\000h\000e\000\040\000f\000i\000v\000e\000\040\000G\000e\000o\000m\000/\000A\000b\000s\000\040\000s\000o\000u\000r\000c\000e\000\040\000c\000o\000n\000f\000i\000g\000u\000r\000a\000t\000i\000o\000n\000s}{section.2.9}% 45
\BOOKMARK [1][-]{section.2.10}{\376\377\000S\000t\000a\000b\000i\000l\000i\000t\000y\000\040\000U\000n\000d\000e\000r\000\040\000C\000o\000m\000p\000o\000s\000i\000t\000i\000o\000n\000\040\000a\000n\000d\000\040\000V\000a\000l\000i\000d\000\040\000L\000i\000f\000t\000i\000n\000g}{part.2}% 46
\BOOKMARK [1][-]{section.2.11}{\376\377\000O\000p\000e\000r\000a\000t\000i\000o\000n\000a\000l\000\040\000R\000e\000p\000r\000e\000s\000e\000n\000t\000a\000t\000i\000o\000n\000:\000\040\000C\000o\000m\000p\000u\000t\000a\000t\000i\000o\000n\000s\000\040\000a\000s\000\040\000M\000a\000r\000k\000o\000v\000\040\000K\000e\000r\000n\000e\000l\000s}{part.2}% 47
\BOOKMARK [2][-]{subsection.2.11.1}{\376\377\000F\000i\000n\000i\000t\000e\000\040\000t\000r\000a\000n\000s\000c\000r\000i\000p\000t\000\040\000k\000e\000r\000n\000e\000l\000s}{section.2.11}% 48
\BOOKMARK [2][-]{subsection.2.11.2}{\376\377\000C\000o\000u\000n\000t\000a\000b\000l\000e\000\040\000p\000r\000o\000c\000e\000s\000s\000e\000s\000\040\000a\000n\000d\000\040\000f\000i\000n\000i\000t\000e\000\040\000s\000t\000o\000p\000p\000i\000n\000g}{section.2.11}% 49
\BOOKMARK [2][-]{subsection.2.11.3}{\376\377\000E\000x\000t\000r\000a\000c\000t\000i\000o\000n\000\040\000a\000n\000d\000\040\000s\000t\000r\000u\000c\000t\000u\000r\000a\000l\000\040\000a\000d\000m\000i\000s\000s\000i\000b\000i\000l\000i\000t\000y}{section.2.11}% 50
\BOOKMARK [1][-]{section.2.12}{\376\377\000O\000p\000e\000r\000a\000t\000o\000r\000-\000L\000e\000v\000e\000l\000\040\000U\000n\000i\000v\000e\000r\000s\000a\000l\000i\000t\000y}{part.2}% 51
\BOOKMARK [1][-]{section.2.13}{\376\377\000E\000x\000a\000m\000p\000l\000e\000s\000:\000\040\000D\000y\000n\000a\000m\000i\000c\000\040\000C\000h\000a\000n\000n\000e\000l\000s\000\040\000f\000o\000r\000\040\000S\000A\000T\000\040\000a\000n\000d\000\040\000S\000u\000b\000s\000e\000t\000\040\000S\000u\000m}{part.2}% 52
\BOOKMARK [2][-]{subsection.2.13.1}{\376\377\000S\000A\000T}{section.2.13}% 53
\BOOKMARK [2][-]{subsection.2.13.2}{\376\377\000S\000u\000b\000s\000e\000t\000\040\000S\000u\000m}{section.2.13}% 54
\BOOKMARK [1][-]{section.2.14}{\376\377\000S\000u\000m\000m\000a\000r\000y\000\040\000o\000f\000\040\000t\000h\000e\000\040\000D\000y\000n\000a\000m\000i\000c\000\040\000D\000e\000c\000o\000m\000p\000o\000s\000i\000t\000i\000o\000n}{part.2}% 55
\BOOKMARK [0][-]{part.3}{\376\377\000I\000I\000I\000\040\000S\000p\000e\000c\000t\000r\000a\000l\000\040\000C\000o\000m\000p\000l\000e\000x\000i\000t\000y\000\040\000a\000n\000d\000\040\000S\000a\000t\000u\000r\000a\000t\000e\000d\000\040\000E\000x\000t\000r\000a\000c\000t\000i\000o\000n\000\040\000C\000o\000s\000t}{}% 56
\BOOKMARK [1][-]{section.3.0}{\376\377\000I\000n\000t\000r\000o\000d\000u\000c\000t\000i\000o\000n\000:\000\040\000D\000i\000s\000c\000o\000u\000n\000t\000e\000d\000\040\000H\000i\000t\000t\000i\000n\000g\000\040\000F\000u\000n\000c\000t\000i\000o\000n\000a\000l\000s\000\040\000a\000n\000d\000\040\000S\000p\000e\000c\000t\000r\000a\000l\000\040\000C\000o\000s\000t}{part.3}% 57
\BOOKMARK [1][-]{section.3.1}{\376\377\000G\000l\000o\000b\000a\000l\000\040\000N\000o\000t\000a\000t\000i\000o\000n\000\040\000a\000n\000d\000\040\000t\000h\000e\000\040\000S\000a\000t\000u\000r\000a\000t\000e\000d\000\040\000C\000l\000o\000s\000u\000r\000e}{part.3}% 58
\BOOKMARK [2][-]{subsection.3.1.1}{\376\377\000R\000e\000s\000o\000u\000r\000c\000e\000-\000f\000i\000l\000t\000e\000r\000e\000d\000\040\000d\000e\000r\000i\000v\000a\000t\000i\000o\000n\000\040\000n\000o\000r\000m\000a\000l\000\040\000f\000o\000r\000m}{section.3.1}% 59
\BOOKMARK [1][-]{section.3.2}{\376\377\000F\000i\000v\000e\000-\000F\000a\000m\000i\000l\000y\000\040\000P\000r\000o\000v\000e\000n\000a\000n\000c\000e\000\040\000f\000o\000r\000\040\000R\000e\000p\000r\000e\000s\000e\000n\000t\000e\000d\000\040\000E\000v\000a\000l\000u\000a\000t\000o\000r\000s}{part.3}% 60
\BOOKMARK [2][-]{subsection.3.2.1}{\376\377\000E\000x\000h\000a\000u\000s\000t\000i\000v\000e\000\040\000s\000o\000u\000r\000c\000e\000\040\000p\000r\000o\000v\000e\000n\000a\000n\000c\000e\000\040\000f\000o\000r\000\040\000v\000a\000l\000i\000d\000\040\000g\000e\000o\000m\000e\000t\000r\000y}{section.3.2}% 61
\BOOKMARK [1][-]{section.3.3}{\376\377\000S\000t\000a\000t\000e\040\023\000C\000o\000e\000f\000f\000i\000c\000i\000e\000n\000t\000\040\000I\000n\000d\000e\000x\000i\000n\000g\000\040\000o\000f\000\040\000t\000h\000e\000\040\000S\000a\000t\000u\000r\000a\000t\000e\000d\000\040\000S\000o\000u\000r\000c\000e\000\040\000P\000r\000o\000f\000i\000l\000e}{part.3}% 62
\BOOKMARK [2][-]{subsection.3.3.1}{\376\377\000S\000t\000a\000t\000e\040\023\000c\000o\000e\000f\000f\000i\000c\000i\000e\000n\000t\000\040\000s\000o\000u\000r\000c\000e\000\040\000c\000o\000o\000r\000d\000i\000n\000a\000t\000e\000s}{section.3.3}% 63
\BOOKMARK [2][-]{subsection.3.3.2}{\376\377\000U\000n\000i\000v\000e\000r\000s\000a\000l\000\040\000s\000o\000u\000r\000c\000e\000\040\000d\000e\000c\000o\000m\000p\000o\000s\000i\000t\000i\000o\000n}{section.3.3}% 64
\BOOKMARK [2][-]{subsection.3.3.3}{\376\377\000B\000o\000o\000l\000e\000a\000n\000-\000c\000o\000m\000p\000l\000e\000t\000e\000\040\000m\000i\000x\000e\000d\000\040\000a\000n\000c\000e\000s\000t\000r\000y}{section.3.3}% 65
\BOOKMARK [2][-]{subsection.3.3.4}{\376\377\000E\000x\000h\000a\000u\000s\000t\000i\000o\000n\000\040\000a\000n\000d\000\040\000t\000e\000r\000m\000i\000n\000a\000l\000-\000r\000e\000a\000d\000o\000u\000t\000\040\000c\000o\000n\000s\000e\000q\000u\000e\000n\000c\000e\000s}{section.3.3}% 66
\BOOKMARK [1][-]{section.3.4}{\376\377\000Q\000u\000a\000n\000t\000i\000t\000a\000t\000i\000v\000e\000\040\000N\000o\000r\000m\000a\000l\000\040\000F\000o\000r\000m\000s\000\040\000f\000o\000r\000\040\000E\000x\000a\000c\000t\000\040\000G\000e\000o\000m\000\040\000C\000e\000l\000l\000s}{part.3}% 67
\BOOKMARK [1][-]{section.3.5}{\376\377\000O\000p\000e\000r\000a\000t\000i\000o\000n\000a\000l\000\040\000P\000r\000o\000v\000e\000n\000a\000n\000c\000e\000\040\000a\000n\000d\000\040\000C\000h\000a\000r\000g\000e\000-\000B\000e\000a\000r\000i\000n\000g\000\040\000S\000t\000r\000u\000c\000t\000u\000r\000a\000l\000\040\000C\000o\000r\000e\000s}{part.3}% 68
\BOOKMARK [2][-]{subsection.3.5.1}{\376\377\000I\000n\000h\000e\000r\000i\000t\000e\000d\000\040\000d\000e\000c\000o\000r\000a\000t\000o\000r\000s\000\040\000a\000n\000d\000\040\000c\000h\000a\000r\000g\000e\000-\000b\000e\000a\000r\000i\000n\000g\000\040\000c\000o\000r\000e\000s}{section.3.5}% 69
\BOOKMARK [2][-]{subsection.3.5.2}{\376\377\000B\000u\000d\000g\000e\000t\000-\000f\000a\000i\000t\000h\000f\000u\000l\000\040\000B\000o\000o\000l\000e\000a\000n\000\040\000n\000o\000r\000m\000a\000l\000i\000z\000a\000t\000i\000o\000n}{section.3.5}% 70
\BOOKMARK [2][-]{subsection.3.5.3}{\376\377\000D\000e\000r\000i\000v\000a\000b\000i\000l\000i\000t\000y\000\040\000f\000i\000l\000t\000r\000a\000t\000i\000o\000n\000\040\000a\000n\000d\000\040\000c\000o\000s\000t\000\040\000f\000r\000o\000n\000t\000i\000e\000r\000s}{section.3.5}% 71
\BOOKMARK [1][-]{section.3.6}{\376\377\000E\000n\000c\000o\000d\000i\000n\000g\000\040\000A\000d\000e\000q\000u\000a\000c\000y\000\040\000f\000o\000r\000\040\000B\000u\000d\000g\000e\000t\000e\000d\000\040\000P\000r\000e\000s\000e\000n\000t\000a\000t\000i\000o\000n\000s\000\040\000a\000n\000d\000\040\000t\000h\000e\000\040\000P\000o\000l\000y\000n\000o\000m\000i\000a\000l\000\040\000I\000n\000s\000t\000a\000n\000c\000e}{part.3}% 72
\BOOKMARK [1][-]{section.3.7}{\376\377\000A\000r\000r\000i\000v\000a\000l\000\040\000T\000i\000m\000e\000\040\000a\000s\000\040\000t\000h\000e\000\040\000C\000o\000m\000p\000l\000e\000x\000i\000t\000y\000\040\000M\000e\000a\000s\000u\000r\000e}{part.3}% 73
\BOOKMARK [1][-]{section.3.8}{\376\377\000K\000i\000l\000l\000e\000d\000\040\000R\000e\000s\000o\000l\000v\000e\000n\000t\000\040\000R\000e\000p\000r\000e\000s\000e\000n\000t\000a\000t\000i\000o\000n}{part.3}% 74
\BOOKMARK [1][-]{section.3.9}{\376\377\000S\000t\000r\000u\000c\000t\000u\000r\000a\000l\000\040\000O\000p\000e\000r\000a\000t\000o\000r\000\040\000L\000e\000d\000g\000e\000r\000\040\000a\000n\000d\000\040\000F\000u\000l\000l\000-\000P\000r\000o\000c\000e\000s\000s\000\040\000H\000i\000t\000t\000i\000n\000g}{part.3}% 75
\BOOKMARK [2][-]{subsection.3.9.1}{\376\377\000C\000h\000a\000n\000n\000e\000l\000\040\000c\000o\000o\000r\000d\000i\000n\000a\000t\000e\000s\000\040\000a\000n\000d\000\040\000f\000u\000l\000l\000-\000p\000r\000o\000c\000e\000s\000s\000\040\000a\000c\000c\000o\000u\000n\000t\000i\000n\000g}{section.3.9}% 76
\BOOKMARK [2][-]{subsection.3.9.2}{\376\377\000T\000r\000a\000n\000s\000f\000o\000r\000m\000e\000d\000\040\000g\000r\000a\000d\000i\000e\000n\000t\000s\000\040\000a\000n\000d\000\040\000d\000i\000r\000e\000c\000t\000e\000d\000\040\000d\000r\000i\000f\000t}{section.3.9}% 77
\BOOKMARK [1][-]{section.3.10}{\376\377\000T\000h\000e\000\040\000W\000a\000l\000s\000h\000/\000S\000p\000e\000c\000t\000r\000a\000l\000\040\000B\000o\000u\000n\000d}{part.3}% 78
\BOOKMARK [1][-]{section.3.11}{\376\377\000Q\000u\000a\000n\000t\000i\000t\000a\000t\000i\000v\000e\000\040\000G\000e\000o\000m\040\023\000A\000b\000s\000\040\000I\000n\000t\000e\000r\000a\000c\000t\000i\000o\000n\000:\000\040\000Q\000u\000o\000t\000i\000e\000n\000t\000\040\000D\000e\000f\000e\000c\000t\000\040\000a\000n\000d\000\040\000L\000o\000c\000a\000l\000\040\000C\000o\000m\000p\000e\000n\000s\000a\000t\000i\000o\000n}{part.3}% 79
\BOOKMARK [2][-]{subsection.3.11.1}{\376\377\000Q\000u\000o\000t\000i\000e\000n\000t\000\040\000d\000e\000f\000e\000c\000t\000s\000\040\000a\000n\000d\000\040\000e\000x\000a\000c\000t\000\040\000r\000e\000s\000o\000l\000v\000e\000n\000t\000\040\000i\000d\000e\000n\000t\000i\000t\000i\000e\000s}{section.3.11}% 80
\BOOKMARK [1][-]{section.3.12}{\376\377\000R\000e\000v\000e\000r\000s\000i\000b\000l\000e\000\040\000D\000e\000f\000e\000c\000t\000\040\000C\000o\000m\000p\000e\000n\000s\000a\000t\000i\000o\000n}{part.3}% 81
\BOOKMARK [2][-]{subsection.3.12.1}{\376\377\000C\000o\000m\000p\000e\000n\000s\000a\000t\000e\000d\000\040\000d\000e\000f\000e\000c\000t\000s\000\040\000a\000n\000d\000\040\000S\000c\000h\000u\000r\000\040\000c\000o\000m\000p\000l\000e\000m\000e\000n\000t\000s}{section.3.12}% 82
\BOOKMARK [2][-]{subsection.3.12.2}{\376\377\000T\000a\000r\000g\000e\000t\000-\000f\000u\000n\000c\000t\000i\000o\000n\000a\000l\000\040\000a\000n\000d\000\040\000k\000i\000l\000l\000e\000d\000-\000g\000a\000p\000\040\000t\000r\000a\000n\000s\000f\000e\000r}{section.3.12}% 83
\BOOKMARK [2][-]{subsection.3.12.3}{\376\377\000C\000o\000e\000r\000c\000i\000v\000e\000\040\000r\000e\000g\000u\000l\000a\000r\000i\000t\000y\000\040\000a\000n\000d\000\040\000a\000m\000b\000i\000e\000n\000t\000\040\000c\000o\000n\000s\000e\000q\000u\000e\000n\000c\000e\000s}{section.3.12}% 84
\BOOKMARK [2][-]{subsection.3.12.4}{\376\377\000C\000a\000u\000s\000a\000l\000\040\000a\000l\000i\000g\000n\000m\000e\000n\000t\000\040\000u\000n\000d\000e\000r\000\040\000t\000h\000e\000\040\000a\000u\000t\000h\000o\000r\000i\000t\000y\000\040\000e\000n\000v\000e\000l\000o\000p\000e}{section.3.12}% 85
\BOOKMARK [1][-]{section.3.13}{\376\377\000S\000e\000c\000t\000o\000r\000i\000a\000l\000\040\000a\000n\000d\000\040\000C\000o\000n\000t\000i\000n\000u\000u\000m\000\040\000I\000n\000t\000e\000r\000f\000a\000c\000e\000s}{part.3}% 86
\BOOKMARK [2][-]{subsection.3.13.1}{\376\377\000L\000o\000c\000a\000l\000\040\000g\000e\000o\000m\000e\000t\000r\000i\000c\000\040\000f\000o\000r\000m\000\040\000c\000o\000m\000p\000a\000r\000i\000s\000o\000n}{section.3.13}% 87
\BOOKMARK [2][-]{subsection.3.13.2}{\376\377\000N\000o\000n\000l\000i\000n\000e\000a\000r\000\040\000c\000l\000o\000s\000u\000r\000e\000\040\000a\000n\000d\000\040\000t\000h\000e\000\040\000q\000u\000o\000t\000i\000e\000n\000t\000\040\000s\000p\000e\000c\000t\000r\000a\000l\000\040\000s\000p\000l\000i\000t}{section.3.13}% 88
\BOOKMARK [1][-]{section.3.14}{\376\377\000C\000o\000m\000b\000i\000n\000e\000d\000\040\000G\000e\000o\000m\000e\000t\000r\000i\000c\000\040\000a\000n\000d\000\040\000Q\000u\000o\000t\000i\000e\000n\000t\000\040\000E\000x\000t\000r\000a\000c\000t\000i\000o\000n\000\040\000F\000u\000n\000c\000t\000i\000o\000n\000a\000l}{part.3}% 89
\BOOKMARK [2][-]{subsection.3.14.1}{\376\377\000S\000a\000t\000u\000r\000a\000t\000e\000d\000\040\000r\000e\000p\000r\000e\000s\000e\000n\000t\000a\000t\000i\000o\000n\000\040\000c\000o\000s\000t\000\040\000a\000n\000d\000\040\000t\000h\000e\000\040\000t\000h\000r\000e\000e\000-\000l\000a\000y\000e\000r\000\040\000l\000e\000d\000g\000e\000r}{section.3.14}% 90
\BOOKMARK [2][-]{subsection.3.14.2}{\376\377\000A\000m\000b\000i\000e\000n\000t\000\040\000g\000e\000o\000m\000e\000t\000r\000i\000c\000\040\000e\000x\000t\000r\000a\000c\000t\000i\000o\000n}{section.3.14}% 91
\BOOKMARK [1][-]{section.3.15}{\376\377\000Q\000u\000o\000t\000i\000e\000n\000t\000\040\000E\000x\000t\000r\000a\000c\000t\000i\000o\000n\000\040\000a\000n\000d\000\040\000t\000h\000e\000\040\000D\000e\000r\000i\000v\000a\000t\000i\000o\000n\000\040\000N\000o\000r\000m\000a\000l\000\040\000F\000o\000r\000m}{part.3}% 92
\BOOKMARK [2][-]{subsection.3.15.1}{\376\377\000T\000h\000e\000\040\000c\000h\000a\000r\000g\000e\000d\000\040\000b\000a\000c\000k\000w\000a\000r\000d\000\040\000c\000u\000t}{section.3.15}% 93
\BOOKMARK [1][-]{section.3.16}{\376\377\000A\000f\000f\000o\000r\000d\000a\000b\000l\000e\000\040\000F\000r\000o\000n\000t\000i\000e\000r\000s\000\040\000a\000n\000d\000\040\000S\000t\000r\000u\000c\000t\000u\000r\000a\000l\000\040\000C\000h\000a\000r\000g\000i\000n\000g}{part.3}% 94
\BOOKMARK [2][-]{subsection.3.16.1}{\376\377\000F\000r\000o\000n\000t\000i\000e\000r\000\040\000r\000e\000c\000o\000r\000d\000s\000\040\000a\000n\000d\000\040\000c\000o\000m\000p\000l\000e\000t\000e\000\040\000c\000a\000r\000r\000i\000e\000r\000\040\000c\000o\000s\000t}{section.3.16}% 95
\BOOKMARK [2][-]{subsection.3.16.2}{\376\377\000E\000x\000a\000c\000t\000\040\000s\000t\000r\000u\000c\000t\000u\000r\000a\000l\000-\000c\000h\000a\000r\000g\000e\000\040\000i\000d\000e\000n\000t\000i\000t\000y}{section.3.16}% 96
\BOOKMARK [2][-]{subsection.3.16.3}{\376\377\000C\000a\000n\000o\000n\000i\000c\000a\000l\000\040\000c\000o\000n\000s\000t\000r\000u\000c\000t\000o\000r\000\040\000c\000o\000v\000e\000r\000s}{section.3.16}% 97
\BOOKMARK [1][-]{section.3.17}{\376\377\000N\000o\000-\000C\000r\000e\000a\000t\000i\000o\000n\000\040\000a\000n\000d\000\040\000F\000i\000l\000t\000r\000a\000t\000i\000o\000n\000\040\000P\000r\000o\000v\000e\000n\000a\000n\000c\000e}{part.3}% 98
\BOOKMARK [2][-]{subsection.3.17.1}{\376\377\000L\000o\000s\000s\000l\000e\000s\000s\000\040\000u\000n\000i\000f\000o\000r\000m\000i\000z\000a\000t\000i\000o\000n}{section.3.17}% 99
\BOOKMARK [1][-]{section.3.18}{\376\377\000T\000h\000e\000\040\000M\000a\000s\000t\000e\000r\000\040\000C\000o\000m\000p\000e\000n\000s\000a\000t\000e\000d\000\040\000Q\000u\000o\000t\000i\000e\000n\000t\040\023\000G\000e\000o\000m\000e\000t\000r\000y\000\040\000C\000e\000r\000t\000i\000f\000i\000c\000a\000t\000e}{part.3}% 100
\BOOKMARK [2][-]{subsection.3.18.1}{\376\377\000C\000e\000r\000t\000i\000f\000i\000c\000a\000t\000e\000\040\000d\000a\000t\000a\000\040\000a\000n\000d\000\040\000v\000i\000s\000i\000b\000i\000l\000i\000t\000y}{section.3.18}% 101
\BOOKMARK [2][-]{subsection.3.18.2}{\376\377\000S\000a\000t\000u\000r\000a\000t\000e\000d\000\040\000m\000a\000s\000t\000e\000r\000\040\000p\000r\000o\000f\000i\000l\000e\000s}{section.3.18}% 102
\BOOKMARK [2][-]{subsection.3.18.3}{\376\377\000A\000u\000t\000h\000o\000r\000i\000t\000y\000\040\000r\000e\000s\000t\000r\000i\000c\000t\000i\000o\000n\000\040\000a\000n\000d\000\040\000m\000a\000s\000t\000e\000r\000\040\000n\000o\000r\000m\000a\000l\000\040\000f\000o\000r\000m}{section.3.18}% 103
\BOOKMARK [1][-]{section.3.19}{\376\377\000V\000i\000s\000i\000b\000i\000l\000i\000t\000y\000\040\000D\000o\000m\000i\000n\000a\000t\000i\000o\000n\000\040\000a\000n\000d\000\040\000F\000i\000r\000s\000t\000-\000H\000i\000t\000\040\000A\000c\000c\000o\000u\000n\000t\000i\000n\000g}{part.3}% 104
\BOOKMARK [2][-]{subsection.3.19.1}{\376\377\000E\000x\000a\000c\000t\000\040\000q\000u\000o\000t\000i\000e\000n\000t\000-\000g\000e\000o\000m\000e\000t\000r\000y\000\040\000d\000o\000m\000i\000n\000a\000t\000i\000o\000n}{section.3.19}% 105
\BOOKMARK [2][-]{subsection.3.19.2}{\376\377\000R\000e\000p\000r\000e\000s\000e\000n\000t\000e\000d\000\040\000p\000a\000t\000h\000\040\000l\000i\000f\000t\000s\000\040\000a\000n\000d\000\040\000c\000o\000m\000p\000e\000n\000s\000a\000t\000e\000d\000\040\000s\000u\000c\000c\000e\000s\000s}{section.3.19}% 106
\BOOKMARK [2][-]{subsection.3.19.3}{\376\377\000T\000w\000o\000-\000s\000o\000u\000r\000c\000e\000\040\000a\000n\000d\000\040\000p\000r\000o\000v\000e\000n\000a\000n\000c\000e\000\040\000r\000e\000d\000u\000c\000t\000i\000o\000n\000s}{section.3.19}% 107
\BOOKMARK [1][-]{section.3.20}{\376\377\000C\000a\000n\000o\000n\000i\000c\000a\000l\000\040\000E\000x\000a\000c\000t\000\040\000F\000i\000r\000s\000t\000-\000H\000i\000t\000\040\000Q\000u\000o\000t\000i\000e\000n\000t}{part.3}% 108
\BOOKMARK [1][-]{section.3.21}{\376\377\000T\000e\000m\000p\000o\000r\000a\000l\000\040\000S\000o\000u\000r\000c\000e\000\040\000A\000d\000m\000i\000s\000s\000i\000b\000i\000l\000i\000t\000y\000\040\000a\000n\000d\000\040\000P\000r\000o\000s\000p\000e\000c\000t\000i\000v\000e\000\040\000A\000c\000c\000o\000u\000n\000t\000i\000n\000g}{part.3}% 109
\BOOKMARK [2][-]{subsection.3.21.1}{\376\377\000P\000r\000e\000-\000h\000i\000t\000\040\000s\000o\000u\000r\000c\000e\000\040\000a\000n\000d\000\040\000s\000e\000l\000e\000c\000t\000o\000r\000\040\000r\000e\000c\000o\000r\000d\000s}{section.3.21}% 110
\BOOKMARK [2][-]{subsection.3.21.2}{\376\377\000P\000r\000o\000s\000p\000e\000c\000t\000i\000v\000e\000\040\000s\000e\000l\000e\000c\000t\000o\000r\000\040\000a\000c\000c\000o\000u\000n\000t\000a\000b\000i\000l\000i\000t\000y}{section.3.21}% 111
\BOOKMARK [2][-]{subsection.3.21.3}{\376\377\000S\000t\000r\000u\000c\000t\000u\000r\000a\000l\000\040\000c\000h\000a\000r\000g\000i\000n\000g\000\040\000o\000f\000\040\000s\000e\000l\000e\000c\000t\000o\000r\000\040\000s\000u\000c\000c\000e\000s\000s}{section.3.21}% 112
\BOOKMARK [2][-]{subsection.3.21.4}{\376\377\000T\000r\000a\000n\000s\000i\000t\000i\000o\000n\000-\000r\000u\000l\000e\000\040\000p\000r\000o\000v\000e\000n\000a\000n\000c\000e}{section.3.21}% 113
\BOOKMARK [1][-]{section.3.22}{\376\377\000F\000u\000l\000l\000-\000C\000a\000r\000r\000i\000e\000r\000\040\000C\000o\000n\000t\000r\000o\000l\000s\000\040\000a\000n\000d\000\040\000C\000o\000r\000e\000-\000R\000e\000f\000i\000n\000e\000d\000\040\000A\000c\000c\000o\000u\000n\000t\000i\000n\000g}{part.3}% 114
\BOOKMARK [1][-]{section.3.23}{\376\377\000R\000e\000t\000r\000o\000s\000p\000e\000c\000t\000i\000v\000e\000\040\000Q\000u\000o\000t\000i\000e\000n\000t\000s\000\040\000a\000n\000d\000\040\000S\000o\000u\000r\000c\000e\000\040\000P\000r\000o\000f\000i\000l\000e\000s}{part.3}% 115
\BOOKMARK [2][-]{subsection.3.23.1}{\376\377\000P\000o\000i\000n\000t\000w\000i\000s\000e\000\040\000c\000o\000m\000p\000u\000t\000a\000t\000i\000o\000n\000\040\000a\000c\000c\000o\000u\000n\000t\000a\000b\000i\000l\000i\000t\000y}{section.3.23}% 116
\BOOKMARK [1][-]{section.3.24}{\376\377\000T\000h\000e\000\040\000U\000n\000i\000f\000o\000r\000m\000\040\000S\000a\000t\000u\000r\000a\000t\000e\000d\000\040\000P\000r\000o\000f\000i\000l\000e\000\040\000a\000n\000d\000\040\000D\000T\000M\000\040\000A\000c\000c\000o\000u\000n\000t\000a\000b\000i\000l\000i\000t\000y}{part.3}% 117
\BOOKMARK [2][-]{subsection.3.24.1}{\376\377\000U\000n\000i\000f\000o\000r\000m\000\040\000v\000i\000s\000i\000b\000i\000l\000i\000t\000y\000\040\000a\000n\000d\000\040\000s\000u\000c\000c\000e\000s\000s\000\040\000p\000r\000o\000f\000i\000l\000e\000s}{section.3.24}% 118
\BOOKMARK [2][-]{subsection.3.24.2}{\376\377\000U\000n\000i\000v\000e\000r\000s\000a\000l\000\040\000s\000a\000t\000u\000r\000a\000t\000e\000d\000-\000p\000r\000o\000f\000i\000l\000e\000\040\000a\000c\000c\000o\000u\000n\000t\000a\000b\000i\000l\000i\000t\000y}{section.3.24}% 119
\BOOKMARK [2][-]{subsection.3.24.3}{\376\377\000F\000i\000n\000i\000t\000e\000-\000s\000l\000i\000c\000e\000\040\000a\000n\000d\000\040\000r\000e\000s\000i\000d\000u\000a\000l\000\040\000a\000c\000c\000o\000u\000n\000t\000a\000b\000i\000l\000i\000t\000y}{section.3.24}% 120
\BOOKMARK [1][-]{section.3.25}{\376\377\000C\000o\000m\000b\000i\000n\000e\000d\000\040\000E\000x\000t\000r\000a\000c\000t\000i\000o\000n\000\040\000a\000n\000d\000\040\000P\000r\000o\000f\000i\000l\000e\000\040\000D\000e\000c\000o\000m\000p\000o\000s\000i\000t\000i\000o\000n}{part.3}% 121
\BOOKMARK [1][-]{section.3.26}{\376\377\000A\000m\000b\000i\000e\000n\000t\000-\000G\000e\000o\000m\000e\000t\000r\000y\000\040\000A\000c\000c\000o\000u\000n\000t\000a\000b\000i\000l\000i\000t\000y}{part.3}% 122
\BOOKMARK [1][-]{section.3.27}{\376\377\000A\000u\000t\000h\000o\000r\000i\000z\000e\000d\000\040\000P\000e\000r\000t\000u\000r\000b\000a\000t\000i\000o\000n\000s\000\040\000a\000n\000d\000\040\000O\000b\000s\000t\000r\000u\000c\000t\000i\000o\000n\000\040\000C\000r\000i\000t\000e\000r\000i\000a}{part.3}% 123
\BOOKMARK [1][-]{section.3.28}{\376\377\000T\000h\000e\000\040\000S\000a\000t\000u\000r\000a\000t\000e\000d\000\040\000C\000o\000s\000t\000\040\000I\000n\000v\000a\000r\000i\000a\000n\000t}{part.3}% 124
\BOOKMARK [2][-]{subsection.3.28.1}{\376\377\000U\000n\000i\000v\000e\000r\000s\000a\000l\000\040\000D\000e\000r\000i\000v\000a\000b\000i\000l\000i\000t\000y\000\040\000A\000c\000c\000o\000u\000n\000t\000a\000b\000i\000l\000i\000t\000y}{section.3.28}% 125
\BOOKMARK [2][-]{subsection.3.28.2}{\376\377\000A\000l\000i\000g\000n\000m\000e\000n\000t\000\040\000C\000o\000m\000p\000l\000e\000x\000i\000t\000y\000\040\000a\000n\000d\000\040\000t\000h\000e\000\040\000S\000a\000t\000u\000r\000a\000t\000e\000d\000\040\000B\000u\000d\000g\000e\000t}{section.3.28}% 126
\BOOKMARK [2][-]{subsection.3.28.3}{\376\377\000R\000e\000v\000e\000r\000s\000i\000b\000l\000e\000\040\000S\000p\000e\000c\000t\000r\000a\000l\000l\000y\000\040\000C\000o\000m\000p\000r\000e\000s\000s\000e\000d\000\040\000F\000r\000a\000g\000m\000e\000n\000t}{section.3.28}% 127
\BOOKMARK [1][-]{section.3.29}{\376\377\000N\000o\000n\000l\000i\000n\000e\000a\000r\000\040\000Q\000u\000o\000t\000i\000e\000n\000t\000s\000\040\000a\000n\000d\000\040\000t\000h\000e\000\040\000K\000e\000r\000n\000e\000l\000\040\000N\000o\000r\000m\000a\000l\000\040\000F\000o\000r\000m}{part.3}% 128
\BOOKMARK [2][-]{subsection.3.29.1}{\376\377\000Q\000u\000o\000t\000i\000e\000n\000t\000\040\000k\000e\000r\000n\000e\000l\000s\000\040\000a\000n\000d\000\040\000r\000e\000p\000r\000e\000s\000e\000n\000t\000e\000d\000\040\000n\000o\000n\000l\000i\000n\000e\000a\000r\000\040\000f\000e\000a\000t\000u\000r\000e\000s}{section.3.29}% 129
\BOOKMARK [2][-]{subsection.3.29.2}{\376\377\000U\000n\000i\000v\000e\000r\000s\000a\000l\000\040\000n\000o\000n\000l\000i\000n\000e\000a\000r\000\040\000a\000c\000c\000o\000u\000n\000t\000i\000n\000g}{section.3.29}% 130
\BOOKMARK [1][-]{section.3.30}{\376\377\000C\000h\000a\000r\000g\000e\000d\000\040\000N\000o\000i\000s\000y\000\040\000C\000o\000m\000b\000i\000n\000a\000t\000i\000o\000n\000\040\000a\000n\000d\000\040\000S\000e\000m\000a\000n\000t\000i\000c\000\040\000C\000a\000n\000c\000e\000l\000l\000a\000t\000i\000o\000n}{part.3}% 131
\BOOKMARK [1][-]{section.3.31}{\376\377\000T\000h\000e\000\040\000T\000r\000a\000c\000e\000-\000S\000u\000p\000p\000o\000r\000t\000\040\000A\000d\000m\000i\000s\000s\000i\000b\000i\000l\000i\000t\000y\000\040\000D\000i\000c\000h\000o\000t\000o\000m\000y}{part.3}% 132
\BOOKMARK [1][-]{section.3.32}{\376\377\000S\000t\000r\000u\000c\000t\000u\000r\000a\000l\000\040\000N\000e\000g\000l\000i\000g\000i\000b\000i\000l\000i\000t\000y\000\040\000C\000e\000r\000t\000i\000f\000i\000c\000a\000t\000e\000s\000\040\000f\000o\000r\000\040\000B\000u\000d\000g\000e\000t\000-\000A\000d\000m\000i\000s\000s\000i\000b\000l\000e\000\040\000G\000e\000n\000e\000r\000a\000t\000o\000r\000s}{part.3}% 133
\BOOKMARK [2][-]{subsection.3.32.1}{\376\377\000T\000h\000e\000\040\000n\000e\000g\000l\000i\000g\000i\000b\000i\000l\000i\000t\000y\000\040\000c\000e\000r\000t\000i\000f\000i\000c\000a\000t\000e}{section.3.32}% 134
\BOOKMARK [2][-]{subsection.3.32.2}{\376\377\000C\000e\000r\000t\000i\000f\000i\000c\000a\000t\000e\000\040\000r\000e\000g\000i\000m\000e\000s}{section.3.32}% 135
\BOOKMARK [1][-]{section.3.33}{\376\377\000C\000o\000m\000p\000l\000e\000x\000i\000t\000y\000\040\000B\000a\000r\000r\000i\000e\000r\000s\000\040\000a\000s\000\040\000P\000r\000e\000s\000e\000n\000t\000a\000t\000i\000o\000n\000-\000E\000x\000t\000e\000n\000s\000i\000o\000n\000\040\000T\000e\000s\000t\000s}{part.3}% 136
\BOOKMARK [2][-]{subsection.3.33.1}{\376\377\000O\000r\000a\000c\000l\000e\000\040\000e\000x\000t\000e\000n\000s\000i\000o\000n\000s\000\040\000a\000n\000d\000\040\000p\000r\000e\000s\000e\000n\000t\000a\000t\000i\000o\000n\000\040\000i\000d\000e\000n\000t\000i\000t\000y}{section.3.33}% 137
\BOOKMARK [2][-]{subsection.3.33.2}{\376\377\000R\000e\000l\000a\000t\000i\000v\000i\000z\000a\000t\000i\000o\000n\000,\000\040\000n\000a\000t\000u\000r\000a\000l\000\040\000p\000r\000o\000o\000f\000s\000,\000\040\000a\000n\000d\000\040\000a\000l\000g\000e\000b\000r\000i\000z\000a\000t\000i\000o\000n}{section.3.33}% 138
\BOOKMARK [1][-]{section.3.34}{\376\377\000E\000x\000a\000m\000p\000l\000e\000s\000:\000\040\000D\000i\000s\000c\000o\000u\000n\000t\000e\000d\000\040\000H\000i\000t\000t\000i\000n\000g\000\040\000f\000o\000r\000\040\000S\000A\000T\000,\000\040\000S\000u\000b\000s\000e\000t\000\040\000S\000u\000m\000,\000\040\000a\000n\000d\000\040\000D\000e\000g\000r\000e\000e\000\040\000S\000c\000a\000n\000s}{part.3}% 139
\BOOKMARK [1][-]{section.3.35}{\376\377\000S\000u\000m\000m\000a\000r\000y\000:\000\040\000H\000a\000r\000d\000n\000e\000s\000s\000\040\000a\000s\000\040\000S\000a\000t\000u\000r\000a\000t\000e\000d\000\040\000E\000x\000t\000r\000a\000c\000t\000i\000o\000n\000\040\000C\000o\000s\000t}{part.3}% 140
\BOOKMARK [0][-]{part.4}{\376\377\000I\000V\000\040\000L\000e\000a\000r\000n\000i\000n\000g\000\040\000a\000n\000d\000\040\000C\000o\000m\000p\000u\000t\000a\000b\000i\000l\000i\000t\000y\000\040\000B\000o\000u\000n\000d\000s}{}% 141
\BOOKMARK [1][-]{section.4.0}{\376\377\000I\000n\000t\000r\000o\000d\000u\000c\000t\000i\000o\000n}{part.4}% 142
\BOOKMARK [1][-]{section.4.1}{\376\377\000T\000h\000e\000\040\000O\000b\000s\000e\000r\000v\000a\000b\000l\000e\000\040\000A\000l\000g\000e\000b\000r\000a\000\040\000I\000s\000\040\000a\000\040\000R\000e\000p\000r\000o\000d\000u\000c\000i\000n\000g\000-\000K\000e\000r\000n\000e\000l\000\040\000H\000i\000l\000b\000e\000r\000t\000\040\000S\000p\000a\000c\000e}{part.4}% 143
\BOOKMARK [1][-]{section.4.2}{\376\377\000S\000a\000t\000u\000r\000a\000t\000e\000d\000\040\000C\000o\000s\000t\000\040\000a\000n\000d\000\040\000E\000f\000f\000e\000c\000t\000i\000v\000e\000\040\000D\000i\000m\000e\000n\000s\000i\000o\000n}{part.4}% 144
\BOOKMARK [1][-]{section.4.3}{\376\377\000T\000w\000o\000-\000S\000i\000d\000e\000d\000\040\000L\000e\000a\000r\000n\000i\000n\000g\000\040\000B\000o\000u\000n\000d\000s}{part.4}% 145
\BOOKMARK [2][-]{subsection.4.3.1}{\376\377\000S\000t\000r\000u\000c\000t\000u\000r\000a\000l\000\040\000O\000p\000e\000r\000a\000t\000o\000r\000\040\000B\000o\000u\000n\000d\000s\000\040\000B\000e\000f\000o\000r\000e\000\040\000t\000h\000e\000\040\000K\000e\000r\000n\000e\000l\000\040\000R\000e\000f\000i\000n\000e\000m\000e\000n\000t}{section.4.3}% 146
\BOOKMARK [2][-]{subsection.4.3.2}{\376\377\000K\000e\000r\000n\000e\000l\000\040\000R\000i\000d\000g\000e\000\040\000B\000o\000u\000n\000d\000s\000\040\000a\000t\000\040\000a\000\040\000S\000a\000t\000u\000r\000a\000t\000e\000d\000\040\000R\000e\000p\000r\000e\000s\000e\000n\000t\000a\000t\000i\000v\000e}{section.4.3}% 147
\BOOKMARK [1][-]{section.4.4}{\376\377\000T\000h\000e\000\040\000K\000e\000r\000n\000e\000l\000\040\000T\000r\000i\000c\000k\000\040\000a\000s\000\040\000t\000h\000e\000\040\000L\000i\000f\000t\000\040\000C\000h\000a\000n\000n\000e\000l}{part.4}% 148
\BOOKMARK [1][-]{section.4.5}{\376\377\000N\000e\000u\000r\000a\000l\000\040\000N\000e\000t\000w\000o\000r\000k\000s\000\040\000a\000n\000d\000\040\000L\000e\000a\000r\000n\000e\000d\000\040\000K\000e\000r\000n\000e\000l\000s}{part.4}% 149
\BOOKMARK [2][-]{subsection.4.5.1}{\376\377\000K\000e\000r\000n\000e\000l\000\040\000e\000v\000o\000l\000u\000t\000i\000o\000n\000\040\000d\000u\000r\000i\000n\000g\000\040\000t\000r\000a\000i\000n\000i\000n\000g}{section.4.5}% 150
\BOOKMARK [2][-]{subsection.4.5.2}{\376\377\000F\000e\000a\000t\000u\000r\000e\000\040\000l\000e\000a\000r\000n\000i\000n\000g\000\040\000a\000n\000d\000\040\000s\000e\000l\000e\000c\000t\000i\000o\000n\000\040\000c\000o\000s\000t}{section.4.5}% 151
\BOOKMARK [2][-]{subsection.4.5.3}{\376\377\000C\000o\000m\000p\000o\000s\000i\000t\000e\000\040\000c\000a\000p\000a\000c\000i\000t\000y\000\040\000c\000o\000n\000t\000r\000o\000l}{section.4.5}% 152
\BOOKMARK [1][-]{section.4.6}{\376\377\000E\000s\000t\000i\000m\000a\000t\000i\000n\000g\000\040\000t\000h\000e\000\040\000L\000e\000a\000r\000n\000e\000d\000\040\000E\000f\000f\000e\000c\000t\000i\000v\000e\000\040\000D\000e\000g\000r\000e\000e}{part.4}% 153
\BOOKMARK [1][-]{section.4.7}{\376\377\000C\000o\000m\000p\000u\000t\000a\000t\000i\000o\000n\000a\000l\000\040\000E\000v\000a\000l\000u\000a\000t\000i\000o\000n\000\040\000P\000r\000o\000c\000e\000d\000u\000r\000e}{part.4}% 154
\BOOKMARK [1][-]{section.4.8}{\376\377\000S\000t\000r\000u\000c\000t\000u\000r\000a\000l\000\040\000G\000e\000n\000e\000r\000a\000l\000i\000z\000a\000t\000i\000o\000n\000\040\000B\000o\000u\000n\000d\000s}{part.4}% 155
\BOOKMARK [2][-]{subsection.4.8.1}{\376\377\000D\000e\000f\000e\000c\000t\000-\000r\000e\000s\000t\000r\000i\000c\000t\000e\000d\000\040\000P\000A\000C\040\023\000B\000a\000y\000e\000s\000\040\000c\000o\000n\000t\000r\000o\000l}{section.4.8}% 156
\BOOKMARK [2][-]{subsection.4.8.2}{\376\377\000S\000e\000l\000e\000c\000t\000i\000o\000n\000\040\000o\000f\000\040\000s\000t\000r\000u\000c\000t\000u\000r\000a\000l\000\040\000l\000o\000s\000s\000\040\000c\000o\000e\000f\000f\000i\000c\000i\000e\000n\000t\000s}{section.4.8}% 157
\BOOKMARK [2][-]{subsection.4.8.3}{\376\377\000A\000c\000t\000i\000v\000e\000\040\000q\000u\000e\000r\000y\000i\000n\000g\000\040\000f\000r\000o\000m\000\040\000r\000e\000s\000i\000s\000t\000a\000n\000c\000e\000\040\000c\000e\000r\000t\000i\000f\000i\000c\000a\000t\000e\000s}{section.4.8}% 158
\BOOKMARK [2][-]{subsection.4.8.4}{\376\377\000I\000n\000t\000r\000i\000n\000s\000i\000c\000\040\000h\000a\000r\000m\000o\000n\000i\000c\000\040\000d\000i\000m\000e\000n\000s\000i\000o\000n\000\040\000a\000n\000d\000\040\000s\000a\000t\000u\000r\000a\000t\000i\000o\000n}{section.4.8}% 159
\BOOKMARK [1][-]{section.4.9}{\376\377\000C\000e\000r\000t\000i\000f\000i\000c\000a\000t\000i\000o\000n\000\040\000o\000f\000\040\000L\000e\000a\000r\000n\000e\000d\000\040\000G\000e\000o\000m\000e\000t\000r\000i\000e\000s}{part.4}% 160
\BOOKMARK [2][-]{subsection.4.9.1}{\376\377\000D\000e\000f\000e\000c\000t\000-\000G\000e\000o\000m\000e\000t\000r\000y\000\040\000I\000n\000e\000q\000u\000a\000l\000i\000t\000y\000\040\000P\000r\000o\000f\000i\000l\000e\000s}{section.4.9}% 161
\BOOKMARK [1][-]{section.4.10}{\376\377\000L\000e\000a\000r\000n\000i\000n\000g\000\040\000U\000n\000d\000e\000r\000\040\000S\000y\000m\000m\000e\000t\000r\000i\000c\000\040\000L\000a\000b\000e\000l\000\040\000C\000o\000r\000r\000u\000p\000t\000i\000o\000n}{part.4}% 162
\BOOKMARK [2][-]{subsection.4.10.1}{\376\377\000R\000i\000s\000k\000\040\000t\000r\000a\000n\000s\000p\000o\000r\000t\000\040\000t\000h\000r\000o\000u\000g\000h\000\040\000a\000\040\000b\000i\000n\000a\000r\000y\000\040\000f\000l\000i\000p\000\040\000c\000h\000a\000n\000n\000e\000l}{section.4.10}% 163
\BOOKMARK [2][-]{subsection.4.10.2}{\376\377\000R\000a\000d\000e\000m\000a\000c\000h\000e\000r\000\040\000c\000a\000p\000a\000c\000i\000t\000y\000\040\000a\000n\000d\000\040\000t\000h\000e\000\040\000t\000o\000l\000e\000r\000a\000b\000l\000e\000-\000n\000o\000i\000s\000e\000\040\000r\000e\000g\000i\000o\000n}{section.4.10}% 164
\BOOKMARK [2][-]{subsection.4.10.3}{\376\377\000S\000t\000r\000u\000c\000t\000u\000r\000a\000l\000\040\000P\000A\000C\040\023\000B\000a\000y\000e\000s\000\040\000c\000o\000r\000r\000e\000c\000t\000i\000o\000n}{section.4.10}% 165
\BOOKMARK [2][-]{subsection.4.10.4}{\376\377\000E\000f\000f\000e\000c\000t\000i\000v\000e\000\040\000d\000i\000m\000e\000n\000s\000i\000o\000n\000\040\000a\000f\000t\000e\000r\000\040\000l\000a\000b\000e\000l\000\040\000d\000e\000b\000i\000a\000s\000i\000n\000g}{section.4.10}% 166
\BOOKMARK [1][-]{section.4.11}{\376\377\000S\000a\000t\000u\000r\000a\000t\000e\000d\000\040\000S\000t\000a\000t\000i\000s\000t\000i\000c\000a\000l\000\040\000A\000t\000t\000a\000c\000k\000s\000\040\000a\000n\000d\000\040\000P\000o\000p\000u\000l\000a\000t\000i\000o\000n\000\040\000A\000l\000i\000g\000n\000m\000e\000n\000t}{part.4}% 167
\BOOKMARK [2][-]{subsection.4.11.1}{\376\377\000N\000o\000i\000s\000e\000-\000i\000n\000d\000e\000x\000e\000d\000\040\000p\000o\000p\000u\000l\000a\000t\000i\000o\000n\000\040\000a\000l\000i\000g\000n\000m\000e\000n\000t\000\040\000a\000n\000d\000\040\000l\000e\000a\000r\000n\000i\000n\000g\000\040\000a\000c\000c\000o\000u\000n\000t\000a\000b\000i\000l\000i\000t\000y}{section.4.11}% 168
\BOOKMARK [1][-]{section.4.12}{\376\377\000G\000e\000o\000m\000e\000t\000r\000y\000-\000A\000w\000a\000r\000e\000\040\000L\000e\000a\000r\000n\000i\000n\000g\000\040\000a\000n\000d\000\040\000A\000f\000f\000o\000r\000d\000a\000b\000l\000e\000\040\000T\000a\000r\000g\000e\000t\000\040\000S\000e\000l\000e\000c\000t\000i\000o\000n}{part.4}% 169
\BOOKMARK [1][-]{section.4.13}{\376\377\000C\000o\000m\000p\000l\000e\000t\000e\000\040\000L\000e\000a\000r\000n\000e\000d\000-\000S\000o\000u\000r\000c\000e\000\040\000E\000x\000h\000a\000u\000s\000t\000i\000o\000n\000\040\000a\000n\000d\000\040\000N\000o\000i\000s\000e\000\040\000D\000e\000g\000r\000a\000d\000a\000t\000i\000o\000n}{part.4}% 170
\BOOKMARK [2][-]{subsection.4.13.1}{\376\377\000S\000o\000u\000r\000c\000e\000-\000r\000e\000s\000o\000l\000v\000e\000d\000\040\000q\000u\000a\000n\000t\000i\000t\000a\000t\000i\000v\000e\000\040\000l\000e\000a\000r\000n\000i\000n\000g\000\040\000l\000e\000d\000g\000e\000r}{section.4.13}% 171
\BOOKMARK [1][-]{section.4.14}{\376\377\000N\000o\000i\000s\000e\000-\000I\000n\000d\000e\000x\000e\000d\000\040\000R\000e\000c\000o\000v\000e\000r\000y\000\040\000B\000u\000d\000g\000e\000t\000s\000\040\000a\000n\000d\000\040\000t\000h\000e\000\040\000T\000h\000r\000e\000e\000\040\000T\000h\000r\000e\000s\000h\000o\000l\000d\000\040\000S\000c\000a\000l\000e\000s}{part.4}% 172
\BOOKMARK [1][-]{section.4.15}{\376\377\000D\000e\000p\000e\000n\000d\000e\000n\000t\000\040\000D\000y\000n\000a\000m\000i\000c\000a\000l\000\040\000S\000a\000m\000p\000l\000e\000s\000\040\000a\000n\000d\000\040\000S\000e\000q\000u\000e\000n\000t\000i\000a\000l\000\040\000S\000t\000r\000u\000c\000t\000u\000r\000a\000l\000\040\000L\000e\000a\000r\000n\000i\000n\000g}{part.4}% 173
\BOOKMARK [2][-]{subsection.4.15.1}{\376\377\000D\000y\000n\000a\000m\000i\000c\000a\000l\000-\000s\000a\000m\000p\000l\000e\000\040\000c\000e\000r\000t\000i\000f\000i\000c\000a\000t\000e\000s\000\040\000a\000n\000d\000\040\000b\000l\000o\000c\000k\000i\000n\000g}{section.4.15}% 174
\BOOKMARK [2][-]{subsection.4.15.2}{\376\377\000S\000e\000q\000u\000e\000n\000t\000i\000a\000l\000\040\000s\000t\000r\000u\000c\000t\000u\000r\000a\000l\000\040\000c\000o\000m\000p\000l\000e\000x\000i\000t\000y}{section.4.15}% 175
\BOOKMARK [2][-]{subsection.4.15.3}{\376\377\000L\000e\000a\000r\000n\000e\000d\000-\000o\000p\000e\000r\000a\000t\000o\000r\000\040\000a\000n\000d\000\040\000P\000A\000C\040\023\000B\000a\000y\000e\000s\000\040\000c\000o\000n\000t\000r\000o\000l}{section.4.15}% 176
\BOOKMARK [2][-]{subsection.4.15.4}{\376\377\000O\000n\000l\000i\000n\000e\000\040\000r\000e\000g\000r\000e\000t\000\040\000a\000n\000d\000\040\000d\000e\000p\000l\000o\000y\000m\000e\000n\000t}{section.4.15}% 177
\BOOKMARK [2][-]{subsection.4.15.5}{\376\377\000P\000o\000p\000u\000l\000a\000t\000i\000o\000n\000\040\000a\000l\000i\000g\000n\000m\000e\000n\000t\000\040\000a\000n\000d\000\040\000s\000o\000u\000r\000c\000e\000\040\000c\000o\000n\000d\000i\000t\000i\000o\000n\000s}{section.4.15}% 178
\BOOKMARK [1][-]{section.4.16}{\376\377\000D\000y\000n\000a\000m\000i\000c\000a\000l\000\040\000L\000a\000b\000e\000l\000\040\000C\000o\000r\000r\000u\000p\000t\000i\000o\000n\000\040\000a\000t\000\040\000S\000a\000t\000u\000r\000a\000t\000e\000d\000\040\000C\000o\000m\000p\000u\000t\000a\000t\000i\000o\000n\000a\000l\000\040\000C\000a\000p\000a\000c\000i\000t\000y}{part.4}% 179
\BOOKMARK [2][-]{subsection.4.16.1}{\376\377\000C\000o\000m\000p\000l\000e\000t\000e\000\040\000d\000y\000n\000a\000m\000i\000c\000a\000l\000\040\000l\000a\000b\000e\000l\000-\000n\000o\000i\000s\000e\000\040\000r\000e\000c\000o\000r\000d\000s}{section.4.16}% 180
\BOOKMARK [2][-]{subsection.4.16.2}{\376\377\000S\000a\000t\000u\000r\000a\000t\000e\000d\000\040\000n\000o\000i\000s\000e\000\040\000a\000n\000d\000\040\000s\000a\000m\000p\000l\000e\000\040\000p\000r\000o\000f\000i\000l\000e\000s}{section.4.16}% 181
\BOOKMARK [2][-]{subsection.4.16.3}{\376\377\000F\000i\000n\000i\000t\000e\000-\000d\000e\000s\000c\000r\000i\000p\000t\000i\000o\000n\000\040\000g\000e\000n\000e\000r\000a\000l\000i\000z\000a\000t\000i\000o\000n\000\040\000a\000n\000d\000\040\000c\000l\000e\000a\000n\000-\000r\000i\000s\000k\000\040\000t\000r\000a\000n\000s\000p\000o\000r\000t}{section.4.16}% 182
\BOOKMARK [2][-]{subsection.4.16.4}{\376\377\000D\000y\000n\000a\000m\000i\000c\000a\000l\000\040\000t\000h\000r\000e\000s\000h\000o\000l\000d\000\040\000s\000c\000a\000l\000e\000s}{section.4.16}% 183
\BOOKMARK [1][-]{section.4.17}{\376\377\000D\000y\000n\000a\000m\000i\000c\000a\000l\000\040\000M\000o\000d\000e\000l\000-\000C\000h\000a\000n\000n\000e\000l\000\040\000C\000o\000r\000r\000u\000p\000t\000i\000o\000n\000\040\000B\000e\000y\000o\000n\000d\000\040\000B\000i\000n\000a\000r\000y\000\040\000L\000a\000b\000e\000l\000s}{part.4}% 184
\BOOKMARK [2][-]{subsection.4.17.1}{\376\377\000C\000o\000m\000p\000l\000e\000t\000e\000\040\000T\000y\000p\000e\000d\000\040\000C\000h\000a\000n\000n\000e\000l\000\040\000R\000e\000c\000o\000r\000d\000s}{section.4.17}% 185
\BOOKMARK [2][-]{subsection.4.17.2}{\376\377\000R\000e\000w\000a\000r\000d\000-\000C\000h\000a\000n\000n\000e\000l\000\040\000T\000r\000a\000n\000s\000p\000o\000r\000t\000\040\000a\000n\000d\000\040\000R\000e\000t\000u\000r\000n\000\040\000C\000o\000n\000c\000e\000n\000t\000r\000a\000t\000i\000o\000n}{section.4.17}% 186
\BOOKMARK [2][-]{subsection.4.17.3}{\376\377\000O\000b\000s\000e\000r\000v\000a\000t\000i\000o\000n\000\040\000R\000e\000c\000o\000n\000s\000t\000r\000u\000c\000t\000i\000o\000n\000\040\000a\000n\000d\000\040\000I\000d\000e\000n\000t\000i\000f\000i\000a\000b\000i\000l\000i\000t\000y}{section.4.17}% 187
\BOOKMARK [2][-]{subsection.4.17.4}{\376\377\000S\000a\000t\000u\000r\000a\000t\000e\000d\000\040\000T\000y\000p\000e\000d\000\040\000E\000r\000r\000o\000r\000s\000\040\000a\000n\000d\000\040\000E\000n\000t\000r\000o\000p\000y\000\040\000C\000o\000n\000t\000i\000n\000u\000i\000t\000y}{section.4.17}% 188
\BOOKMARK [1][-]{section.4.18}{\376\377\000A\000t\000t\000a\000i\000n\000a\000b\000l\000e\000\040\000R\000i\000s\000k\000\040\000a\000n\000d\000\040\000t\000h\000e\000\040\000C\000o\000m\000p\000l\000e\000t\000e\000\040\000Q\000u\000a\000n\000t\000i\000t\000a\000t\000i\000v\000e\000\040\000L\000e\000a\000r\000n\000i\000n\000g\000\040\000D\000e\000c\000o\000m\000p\000o\000s\000i\000t\000i\000o\000n}{part.4}% 189
\BOOKMARK [1][-]{section.4.19}{\376\377\000S\000u\000m\000m\000a\000r\000y}{part.4}% 190
\BOOKMARK [0][-]{part.5}{\376\377\000V\000\040\000D\000y\000n\000a\000m\000i\000c\000a\000l\000-\000S\000y\000s\000t\000e\000m\000s\000\040\000G\000e\000o\000m\000e\000t\000r\000y\000\040\000a\000n\000d\000\040\000C\000o\000n\000t\000r\000o\000l\000l\000e\000d\000\040\000S\000t\000r\000u\000c\000t\000u\000r\000a\000l\000\040\000F\000l\000o\000w}{}% 191
\BOOKMARK [1][-]{section.5.0}{\376\377\000I\000n\000t\000r\000o\000d\000u\000c\000t\000i\000o\000n\000:\000\040\000C\000o\000n\000t\000r\000o\000l\000l\000e\000d\000\040\000D\000y\000n\000a\000m\000i\000c\000s\000\040\000i\000n\000\040\000t\000h\000e\000\040\000S\000a\000t\000u\000r\000a\000t\000e\000d\000\040\000F\000r\000a\000m\000e\000w\000o\000r\000k}{part.5}% 192
\BOOKMARK [1][-]{section.5.1}{\376\377\000R\000e\000p\000r\000e\000s\000e\000n\000t\000e\000d\000\040\000C\000o\000n\000t\000r\000o\000l\000l\000e\000d\000\040\000D\000y\000n\000a\000m\000i\000c\000a\000l\000\040\000S\000y\000s\000t\000e\000m\000s}{part.5}% 193
\BOOKMARK [2][-]{subsection.5.1.1}{\376\377\000N\000o\000i\000s\000y\000\040\000e\000x\000e\000c\000u\000t\000i\000o\000n\000\040\000a\000n\000d\000\040\000p\000a\000r\000t\000i\000a\000l\000l\000y\000\040\000o\000b\000s\000e\000r\000v\000e\000d\000\040\000c\000a\000r\000r\000i\000e\000r\000s}{section.5.1}% 194
\BOOKMARK [1][-]{section.5.2}{\376\377\000S\000t\000o\000c\000h\000a\000s\000t\000i\000c\000\040\000P\000O\000M\000D\000P\000\040\000C\000a\000r\000r\000i\000e\000r\000s\000\040\000a\000n\000d\000\040\000F\000i\000l\000t\000e\000r\000\040\000T\000r\000a\000n\000s\000f\000e\000r}{part.5}% 195
\BOOKMARK [2][-]{subsection.5.2.1}{\376\377\000A\000p\000p\000r\000o\000x\000i\000m\000a\000t\000e\000\040\000F\000i\000l\000t\000e\000r\000s\000\040\000a\000n\000d\000\040\000T\000r\000a\000n\000s\000f\000e\000r\000\040\000t\000o\000\040\000V\000a\000l\000u\000e\000\040\000a\000n\000d\000\040\000A\000r\000r\000i\000v\000a\000l}{section.5.2}% 196
\BOOKMARK [1][-]{section.5.3}{\376\377\000A\000d\000a\000p\000t\000i\000v\000e\000\040\000C\000h\000a\000n\000n\000e\000l\000\040\000I\000n\000f\000o\000r\000m\000a\000t\000i\000o\000n\000\040\000a\000n\000d\000\040\000B\000e\000l\000i\000e\000f\000\040\000E\000n\000t\000r\000o\000p\000y}{part.5}% 197
\BOOKMARK [2][-]{subsection.5.3.1}{\376\377\000C\000o\000n\000d\000i\000t\000i\000o\000n\000a\000l\000\040\000c\000h\000a\000n\000n\000e\000l\000-\000i\000n\000f\000o\000r\000m\000a\000t\000i\000o\000n\000\040\000l\000e\000d\000g\000e\000r}{section.5.3}% 198
\BOOKMARK [2][-]{subsection.5.3.2}{\376\377\000A\000d\000a\000p\000t\000i\000v\000e\000\040\000i\000n\000f\000o\000r\000m\000a\000t\000i\000o\000n\000\040\000a\000n\000d\000\040\000r\000a\000t\000e\040\023\000d\000i\000s\000t\000o\000r\000t\000i\000o\000n}{section.5.3}% 199
\BOOKMARK [2][-]{subsection.5.3.3}{\376\377\000P\000r\000e\000-\000H\000i\000t\000\040\000S\000e\000q\000u\000e\000n\000t\000i\000a\000l\000\040\000I\000n\000f\000o\000r\000m\000a\000t\000i\000o\000n\000\040\000C\000o\000n\000t\000r\000a\000c\000t\000i\000o\000n}{section.5.3}% 200
\BOOKMARK [2][-]{subsection.5.3.4}{\376\377\000P\000o\000s\000t\000e\000r\000i\000o\000r\000\040\000C\000o\000n\000c\000e\000n\000t\000r\000a\000t\000i\000o\000n\000,\000\040\000T\000a\000r\000g\000e\000t\000\040\000C\000o\000n\000t\000a\000c\000t\000,\000\040\000a\000n\000d\000\040\000S\000e\000l\000e\000c\000t\000o\000r\000\040\000A\000d\000v\000a\000n\000t\000a\000g\000e}{section.5.3}% 201
\BOOKMARK [2][-]{subsection.5.3.5}{\376\377\000E\000x\000p\000l\000i\000c\000i\000t\000\040\000C\000h\000a\000n\000n\000e\000l\000-\000I\000n\000f\000o\000r\000m\000a\000t\000i\000o\000n\000\040\000B\000u\000d\000g\000e\000t\000s}{section.5.3}% 202
\BOOKMARK [2][-]{subsection.5.3.6}{\376\377\000B\000e\000l\000i\000e\000f\000\040\000e\000n\000t\000r\000o\000p\000y\000\040\000a\000n\000d\000\040\000t\000a\000r\000g\000e\000t\000-\000g\000a\000t\000e\000\040\000u\000n\000c\000e\000r\000t\000a\000i\000n\000t\000y}{section.5.3}% 203
\BOOKMARK [1][-]{section.5.4}{\376\377\000T\000y\000p\000e\000d\000\040\000E\000n\000t\000r\000o\000p\000y\000,\000\040\000A\000f\000f\000o\000r\000d\000a\000b\000l\000e\000\040\000S\000u\000c\000c\000e\000s\000s\000,\000\040\000a\000n\000d\000\040\000B\000l\000a\000c\000k\000w\000e\000l\000l\000\040\000O\000r\000d\000e\000r}{part.5}% 204
\BOOKMARK [2][-]{subsection.5.4.1}{\376\377\000T\000y\000p\000e\000d\000\040\000e\000n\000t\000r\000o\000p\000y\000\040\000a\000n\000d\000\040\000a\000f\000f\000o\000r\000d\000a\000b\000l\000e\000\040\000s\000u\000c\000c\000e\000s\000s}{section.5.4}% 205
\BOOKMARK [2][-]{subsection.5.4.2}{\376\377\000B\000l\000a\000c\000k\000w\000e\000l\000l\000\040\000o\000r\000d\000e\000r\000\040\000f\000o\000r\000\040\000r\000e\000p\000r\000e\000s\000e\000n\000t\000e\000d\000\040\000c\000h\000a\000n\000n\000e\000l\000s}{section.5.4}% 206
\BOOKMARK [2][-]{subsection.5.4.3}{\376\377\000P\000r\000e\000-\000h\000i\000t\000\040\000d\000e\000c\000i\000s\000i\000o\000n\000\040\000v\000a\000l\000u\000e\000\040\000a\000n\000d\000\040\000s\000u\000f\000f\000i\000c\000i\000e\000n\000c\000y}{section.5.4}% 207
\BOOKMARK [1][-]{section.5.5}{\376\377\000R\000e\000v\000e\000r\000s\000i\000b\000l\000e\000\040\000C\000a\000r\000r\000i\000e\000r\000\040\000G\000e\000o\000m\000e\000t\000r\000y\000\040\000a\000n\000d\000\040\000A\000u\000t\000h\000o\000r\000i\000z\000e\000d\000\040\000F\000l\000o\000w}{part.5}% 208
\BOOKMARK [2][-]{subsection.5.5.1}{\376\377\000A\000u\000d\000i\000t\000e\000d\000\040\000F\000u\000n\000c\000t\000i\000o\000n\000a\000l\000-\000I\000n\000e\000q\000u\000a\000l\000i\000t\000y\000\040\000P\000r\000o\000f\000i\000l\000e\000s}{section.5.5}% 209
\BOOKMARK [1][-]{section.5.6}{\376\377\000C\000o\000m\000m\000i\000t\000t\000o\000r\000s\000,\000\040\000B\000e\000l\000l\000m\000a\000n\000\040\000R\000e\000c\000u\000r\000s\000i\000o\000n\000s\000,\000\040\000a\000n\000d\000\040\000R\000e\000a\000c\000h\040\023\000A\000v\000o\000i\000d\000\040\000G\000e\000o\000m\000e\000t\000r\000y}{part.5}% 210
\BOOKMARK [2][-]{subsection.5.6.1}{\376\377\000C\000o\000n\000t\000r\000o\000l\000l\000e\000d\000\040\000c\000o\000m\000m\000i\000t\000t\000o\000r\000s\000\040\000a\000n\000d\000\040\000B\000e\000l\000l\000m\000a\000n\000\040\000i\000d\000e\000n\000t\000i\000t\000i\000e\000s}{section.5.6}% 211
\BOOKMARK [2][-]{subsection.5.6.2}{\376\377\000N\000o\000\040\000u\000n\000c\000h\000a\000r\000g\000e\000d\000\040\000p\000r\000o\000s\000p\000e\000c\000t\000i\000v\000e\000\040\000v\000a\000l\000u\000e\000\040\000a\000m\000p\000l\000i\000f\000i\000c\000a\000t\000i\000o\000n}{section.5.6}% 212
\BOOKMARK [2][-]{subsection.5.6.3}{\376\377\000C\000o\000n\000d\000e\000n\000s\000e\000r\000\040\000c\000a\000p\000a\000c\000i\000t\000y\000\040\000a\000n\000d\000\040\000r\000e\000a\000c\000h\040\023\000a\000v\000o\000i\000d\000\040\000b\000o\000u\000n\000d\000s}{section.5.6}% 213
\BOOKMARK [2][-]{subsection.5.6.4}{\376\377\000I\000n\000v\000a\000r\000i\000a\000n\000t\000-\000m\000a\000s\000s\000\040\000a\000n\000d\000\040\000f\000i\000n\000i\000t\000e\000-\000h\000o\000r\000i\000z\000o\000n\000\040\000t\000r\000a\000n\000s\000f\000e\000r}{section.5.6}% 214
\BOOKMARK [2][-]{subsection.5.6.5}{\376\377\000G\000i\000b\000b\000s\040\023\000M\000e\000t\000r\000o\000p\000o\000l\000i\000s\000\040\000s\000p\000e\000c\000i\000a\000l\000i\000z\000a\000t\000i\000o\000n}{section.5.6}% 215
\BOOKMARK [1][-]{section.5.7}{\376\377\000A\000f\000f\000o\000r\000d\000a\000b\000l\000e\000\040\000C\000a\000u\000s\000\040\000A\000c\000t\000i\000o\000n\000\040\000a\000n\000d\000\040\000C\000a\000p\000a\000c\000i\000t\000y\000\040\000U\000n\000d\000e\000r\000\040\000V\000a\000l\000i\000d\000\040\000L\000i\000f\000t\000s}{part.5}% 216
\BOOKMARK [2][-]{subsection.5.7.1}{\376\377\000C\000a\000u\000s\000\040\000a\000c\000t\000i\000o\000n\000,\000\040\000a\000i\000m\000i\000n\000g\000,\000\040\000a\000n\000d\000\040\000t\000a\000r\000g\000e\000t\000\040\000c\000o\000n\000t\000a\000c\000t}{section.5.7}% 217
\BOOKMARK [2][-]{subsection.5.7.2}{\376\377\000N\000o\000i\000s\000e\000-\000c\000o\000r\000r\000e\000c\000t\000e\000d\000\040\000C\000a\000u\000s\000\040\000a\000i\000m\000i\000n\000g}{section.5.7}% 218
\BOOKMARK [2][-]{subsection.5.7.3}{\376\377\000V\000a\000r\000i\000a\000t\000i\000o\000n\000a\000l\000\040\000c\000a\000p\000a\000c\000i\000t\000y\000\040\000c\000o\000m\000p\000a\000r\000i\000s\000o\000n\000\040\000u\000n\000d\000e\000r\000\040\000v\000a\000l\000i\000d\000\040\000l\000i\000f\000t\000s}{section.5.7}% 219
\BOOKMARK [2][-]{subsection.5.7.4}{\376\377\000D\000y\000n\000a\000m\000i\000c\000\040\000l\000i\000f\000t\000\040\000t\000r\000a\000n\000s\000f\000e\000r}{section.5.7}% 220
\BOOKMARK [1][-]{section.5.8}{\376\377\000N\000o\000i\000s\000y\000\040\000T\000a\000r\000g\000e\000t\000\040\000I\000n\000t\000e\000r\000f\000a\000c\000e\000s\000\040\000a\000n\000d\000\040\000L\000i\000f\000t\000e\000d\000\040\000C\000a\000p\000a\000c\000i\000t\000y}{part.5}% 221
\BOOKMARK [2][-]{subsection.5.8.1}{\376\377\000O\000b\000s\000e\000r\000v\000a\000t\000i\000o\000n\000\040\000r\000e\000g\000u\000l\000a\000r\000i\000t\000y\000\040\000a\000n\000d\000\040\000s\000p\000a\000r\000s\000e\000-\000r\000e\000w\000a\000r\000d\000\040\000e\000x\000p\000l\000o\000r\000a\000t\000i\000o\000n}{section.5.8}% 222
\BOOKMARK [1][-]{section.5.9}{\376\377\000O\000p\000t\000i\000m\000a\000l\000\040\000S\000t\000r\000u\000c\000t\000u\000r\000a\000l\000\040\000A\000c\000t\000i\000v\000e\000\040\000S\000a\000m\000p\000l\000i\000n\000g}{part.5}% 223
\BOOKMARK [2][-]{subsection.5.9.1}{\376\377\000C\000o\000m\000p\000l\000e\000t\000e\000\040\000a\000c\000t\000i\000v\000e\000-\000a\000c\000q\000u\000i\000s\000i\000t\000i\000o\000n\000\040\000r\000e\000c\000o\000r\000d\000s\000\040\000a\000n\000d\000\040\000c\000o\000s\000t}{section.5.9}% 224
\BOOKMARK [2][-]{subsection.5.9.2}{\376\377\000I\000n\000f\000o\000r\000m\000a\000t\000i\000o\000n\000,\000\040\000m\000a\000s\000t\000e\000r\000\040\000v\000i\000s\000i\000b\000i\000l\000i\000t\000y\000,\000\040\000a\000n\000d\000\040\000o\000p\000t\000i\000m\000a\000l\000\040\000a\000r\000r\000i\000v\000a\000l}{section.5.9}% 225
\BOOKMARK [2][-]{subsection.5.9.3}{\376\377\000C\000o\000m\000p\000l\000e\000x\000i\000t\000y\000,\000\040\000s\000a\000m\000p\000l\000e\000,\000\040\000a\000n\000d\000\040\000n\000o\000i\000s\000e\000\040\000f\000r\000o\000n\000t\000i\000e\000r\000s}{section.5.9}% 226
\BOOKMARK [1][-]{section.5.10}{\376\377\000A\000f\000f\000o\000r\000d\000a\000b\000l\000e\000\040\000O\000c\000c\000u\000p\000a\000t\000i\000o\000n\000\040\000F\000l\000o\000w\000s\000\040\000a\000n\000d\000\040\000t\000h\000e\000\040\000B\000e\000l\000l\000m\000a\000n\000\040\000S\000t\000r\000u\000c\000t\000u\000r\000a\000l\000\040\000C\000o\000n\000v\000e\000r\000s\000e}{part.5}% 227
\BOOKMARK [1][-]{section.5.11}{\376\377\000O\000p\000t\000i\000m\000a\000l\000\040\000S\000t\000r\000u\000c\000t\000u\000r\000a\000l\000\040\000B\000a\000y\000e\000s\000i\000a\000n\000\040\000L\000e\000a\000r\000n\000i\000n\000g}{part.5}% 228
\BOOKMARK [2][-]{subsection.5.11.1}{\376\377\000P\000r\000i\000o\000r\000\040\000p\000r\000o\000v\000e\000n\000a\000n\000c\000e\000\040\000a\000n\000d\000\040\000r\000e\000p\000r\000e\000s\000e\000n\000t\000e\000d\000\040\000t\000a\000s\000k\000\040\000b\000e\000l\000i\000e\000f\000s}{section.5.11}% 229
\BOOKMARK [2][-]{subsection.5.11.2}{\376\377\000P\000o\000s\000t\000e\000r\000i\000o\000r\000\040\000c\000o\000n\000c\000e\000n\000t\000r\000a\000t\000i\000o\000n\000\040\000a\000n\000d\000\040\000t\000a\000r\000g\000e\000t\000\040\000c\000o\000n\000t\000a\000c\000t}{section.5.11}% 230
\BOOKMARK [2][-]{subsection.5.11.3}{\376\377\000S\000o\000u\000r\000c\000e\000-\000r\000e\000s\000o\000l\000v\000e\000d\000\040\000a\000c\000t\000i\000o\000n\000a\000b\000l\000e\000\040\000B\000a\000y\000e\000s\000i\000a\000n\000\040\000g\000a\000i\000n}{section.5.11}% 231
\BOOKMARK [2][-]{subsection.5.11.4}{\376\377\000O\000p\000t\000i\000m\000a\000l\000\040\000a\000c\000q\000u\000i\000s\000i\000t\000i\000o\000n\000\040\000a\000n\000d\000\040\000s\000t\000r\000u\000c\000t\000u\000r\000a\000l\000\040\000r\000o\000u\000t\000i\000n\000g}{section.5.11}% 232
\BOOKMARK [2][-]{subsection.5.11.5}{\376\377\000O\000p\000t\000i\000m\000a\000l\000\040\000s\000t\000r\000u\000c\000t\000u\000r\000a\000l\000\040\000i\000n\000f\000o\000r\000m\000a\000t\000i\000o\000n\000\040\000e\000x\000t\000r\000a\000c\000t\000i\000o\000n}{section.5.11}% 233
\BOOKMARK [2][-]{subsection.5.11.6}{\376\377\000C\000o\000m\000p\000a\000c\000t\000\040\000l\000a\000t\000e\000n\000t\000\040\000b\000e\000l\000i\000e\000f\000s\000\040\000a\000n\000d\000\040\000o\000p\000t\000i\000m\000a\000l\000\040\000r\000e\000p\000r\000e\000s\000e\000n\000t\000e\000d\000\040\000c\000o\000m\000p\000r\000e\000s\000s\000i\000o\000n}{section.5.11}% 234
\BOOKMARK [1][-]{section.5.12}{\376\377\000B\000e\000l\000l\000m\000a\000n\000\040\000E\000r\000r\000o\000r\000,\000\040\000P\000o\000l\000i\000c\000y\000\040\000L\000o\000s\000s\000,\000\040\000a\000n\000d\000\040\000t\000h\000e\000\040\000U\000n\000i\000v\000e\000r\000s\000a\000l\000\040\000C\000e\000r\000t\000i\000f\000i\000c\000a\000t\000e}{part.5}% 235
\BOOKMARK [1][-]{section.5.13}{\376\377\000L\000e\000a\000r\000n\000e\000d\000\040\000P\000o\000l\000i\000c\000i\000e\000s\000\040\000a\000n\000d\000\040\000C\000o\000n\000t\000i\000n\000u\000o\000u\000s\000-\000S\000y\000s\000t\000e\000m\000\040\000T\000r\000a\000n\000s\000f\000e\000r}{part.5}% 236
\BOOKMARK [2][-]{subsection.5.13.1}{\376\377\000R\000e\000p\000r\000e\000s\000e\000n\000t\000e\000d\000\040\000t\000r\000a\000j\000e\000c\000t\000o\000r\000y\000\040\000l\000e\000a\000r\000n\000i\000n\000g\000\040\000r\000e\000c\000o\000r\000d\000s}{section.5.13}% 237
\BOOKMARK [2][-]{subsection.5.13.2}{\376\377\000L\000e\000a\000r\000n\000e\000d\000-\000C\000o\000n\000t\000r\000o\000l\000\040\000C\000o\000o\000r\000d\000i\000n\000a\000t\000e\000s\000\040\000a\000n\000d\000\040\000B\000e\000l\000l\000m\000a\000n\000\040\000P\000r\000o\000p\000a\000g\000a\000t\000i\000o\000n}{section.5.13}% 238
\BOOKMARK [2][-]{subsection.5.13.3}{\376\377\000G\000e\000n\000e\000r\000a\000l\000i\000z\000a\000t\000i\000o\000n\000\040\000E\000n\000v\000e\000l\000o\000p\000e\000s\000\040\000a\000n\000d\000\040\000B\000u\000d\000g\000e\000t\000-\000R\000e\000a\000c\000h\000a\000b\000l\000e\000\040\000V\000a\000l\000u\000e}{section.5.13}% 239
\BOOKMARK [1][-]{section.5.14}{\376\377\000M\000a\000s\000t\000e\000r\000\040\000L\000e\000a\000r\000n\000i\000n\000g\000\040\000C\000e\000r\000t\000i\000f\000i\000c\000a\000t\000e\000\040\000a\000n\000d\000\040\000C\000o\000n\000t\000i\000n\000u\000o\000u\000s\000-\000S\000y\000s\000t\000e\000m\000\040\000T\000r\000a\000n\000s\000f\000e\000r}{part.5}% 240
\BOOKMARK [2][-]{subsection.5.14.1}{\376\377\000C\000o\000n\000t\000i\000n\000u\000o\000u\000s\000-\000S\000y\000s\000t\000e\000m\000\040\000a\000n\000d\000\040\000D\000i\000s\000c\000r\000e\000t\000i\000z\000a\000t\000i\000o\000n\000\040\000T\000r\000a\000n\000s\000f\000e\000r}{section.5.14}% 241
\BOOKMARK [1][-]{section.5.15}{\376\377\000C\000e\000r\000t\000i\000f\000i\000e\000d\000\040\000N\000e\000u\000r\000a\000l\000\040\000I\000m\000p\000l\000e\000m\000e\000n\000t\000a\000t\000i\000o\000n\000\040\000o\000f\000\040\000t\000h\000e\000\040\000S\000a\000t\000u\000r\000a\000t\000e\000d\000\040\000O\000p\000t\000i\000m\000u\000m}{part.5}% 242
\BOOKMARK [2][-]{subsection.5.15.1}{\376\377\000I\000m\000p\000l\000e\000m\000e\000n\000t\000a\000t\000i\000o\000n\000\040\000r\000e\000c\000o\000r\000d\000s\000\040\000a\000n\000d\000\040\000e\000r\000r\000o\000r\000\040\000c\000o\000o\000r\000d\000i\000n\000a\000t\000e\000s}{section.5.15}% 243
\BOOKMARK [2][-]{subsection.5.15.2}{\376\377\000P\000a\000r\000a\000m\000e\000t\000e\000r\000-\000i\000n\000d\000e\000x\000e\000d\000\040\000a\000p\000p\000r\000o\000x\000i\000m\000a\000t\000i\000o\000n\000\040\000a\000n\000d\000\040\000u\000n\000d\000e\000r\000f\000i\000t\000t\000i\000n\000g}{section.5.15}% 244
\BOOKMARK [2][-]{subsection.5.15.3}{\376\377\000C\000a\000n\000o\000n\000i\000c\000a\000l\000\040\000f\000i\000n\000i\000t\000e\000-\000p\000r\000e\000c\000i\000s\000i\000o\000n\000\040\000a\000t\000t\000e\000n\000t\000i\000o\000n\040\023\000b\000e\000l\000i\000e\000f\000\040\000a\000r\000c\000h\000i\000t\000e\000c\000t\000u\000r\000e}{section.5.15}% 245
\BOOKMARK [2][-]{subsection.5.15.4}{\376\377\000E\000m\000p\000i\000r\000i\000c\000a\000l\000\040\000B\000e\000l\000l\000m\000a\000n\000\040\000u\000p\000p\000e\000r\000\040\000c\000e\000r\000t\000i\000f\000i\000c\000a\000t\000e\000s}{section.5.15}% 246
\BOOKMARK [2][-]{subsection.5.15.5}{\376\377\000S\000c\000a\000l\000e\000-\000c\000e\000r\000t\000i\000f\000i\000e\000d\000\040\000e\000m\000p\000i\000r\000i\000c\000a\000l\000\040\000c\000l\000o\000s\000u\000r\000e\000\040\000o\000f\000\040\000a\000t\000t\000e\000n\000u\000a\000t\000i\000n\000g\000\040\000s\000o\000u\000r\000c\000e\000s}{section.5.15}% 247
\BOOKMARK [2][-]{subsection.5.15.6}{\376\377\000C\000e\000r\000t\000i\000f\000i\000c\000a\000t\000e\000\040\000e\000n\000g\000i\000n\000e\000e\000r\000i\000n\000g\000\040\000s\000p\000e\000c\000i\000f\000i\000c\000a\000t\000i\000o\000n}{section.5.15}% 248
\BOOKMARK [3][-]{subsubsection.5.15.6.1}{\376\377\000P\000r\000o\000o\000f\000-\000p\000r\000o\000d\000u\000c\000i\000n\000g\000\040\000v\000e\000r\000i\000f\000i\000c\000a\000t\000i\000o\000n\000\040\000o\000f\000\040\000s\000t\000r\000u\000c\000t\000u\000r\000a\000l\000\040\000s\000c\000a\000l\000i\000n\000g\000\040\000l\000a\000w\000s}{subsection.5.15.6}% 249
\BOOKMARK [2][-]{subsection.5.15.7}{\376\377\000F\000i\000n\000i\000t\000e\000-\000n\000e\000t\000w\000o\000r\000k\000\040\000a\000u\000d\000i\000t\000\040\000a\000n\000d\000\040\000s\000e\000l\000e\000c\000t\000i\000o\000n}{section.5.15}% 250
\BOOKMARK [2][-]{subsection.5.15.8}{\376\377\000E\000m\000p\000i\000r\000i\000c\000a\000l\000\040\000s\000t\000r\000u\000c\000t\000u\000r\000a\000l\000-\000c\000h\000a\000n\000n\000e\000l\000\040\000a\000t\000t\000r\000i\000b\000u\000t\000i\000o\000n}{section.5.15}% 251
\BOOKMARK [2][-]{subsection.5.15.9}{\376\377\000C\000a\000n\000o\000n\000i\000c\000a\000l\000\040\000p\000r\000i\000m\000a\000l\040\023\000d\000u\000a\000l\000\040\000l\000e\000a\000r\000n\000i\000n\000g\000\040\000o\000b\000j\000e\000c\000t\000i\000v\000e}{section.5.15}% 252
\BOOKMARK [2][-]{subsection.5.15.10}{\376\377\000C\000e\000r\000t\000i\000f\000i\000e\000d\000\040\000W\000A\000d\000a\000m\000\040\000o\000p\000t\000i\000m\000i\000z\000a\000t\000i\000o\000n}{section.5.15}% 253
\BOOKMARK [2][-]{subsection.5.15.11}{\376\377\000C\000e\000r\000t\000i\000f\000i\000e\000d\000\040\000s\000t\000r\000u\000c\000t\000u\000r\000a\000l\000\040\000b\000i\000a\000s\040\023\000v\000a\000r\000i\000a\000n\000c\000e\000\040\000l\000e\000d\000g\000e\000r}{section.5.15}% 254
\BOOKMARK [2][-]{subsection.5.15.12}{\376\377\000E\000m\000p\000i\000r\000i\000c\000a\000l\000\040\000c\000e\000r\000t\000i\000f\000i\000c\000a\000t\000i\000o\000n\000\040\000o\000f\000\040\000a\000n\000a\000l\000y\000t\000i\000c\000a\000l\000\040\000g\000e\000o\000m\000e\000t\000r\000y}{section.5.15}% 255
\BOOKMARK [2][-]{subsection.5.15.13}{\376\377\000E\000m\000p\000i\000r\000i\000c\000a\000l\000\040\000c\000e\000r\000t\000i\000f\000i\000c\000a\000t\000i\000o\000n\000\040\000o\000f\000\040\000e\000x\000a\000c\000t\000\040\000a\000n\000d\000\040\000q\000u\000a\000s\000i\000-\000l\000u\000m\000p\000a\000b\000i\000l\000i\000t\000y}{section.5.15}% 256
\BOOKMARK [1][-]{section.5.16}{\376\377\000B\000l\000a\000c\000k\000-\000B\000o\000x\000\040\000S\000t\000r\000u\000c\000t\000u\000r\000a\000l\000\040\000A\000u\000d\000i\000t\000i\000n\000g\000\040\000o\000f\000\040\000T\000r\000a\000i\000n\000e\000d\000\040\000P\000r\000e\000d\000i\000c\000t\000o\000r\000s}{part.5}% 257
\BOOKMARK [2][-]{subsection.5.16.1}{\376\377\000O\000r\000a\000c\000l\000e\000\040\000a\000c\000c\000e\000s\000s\000\040\000a\000n\000d\000\040\000c\000o\000m\000p\000l\000e\000t\000e\000\040\000a\000u\000d\000i\000t\000\040\000r\000e\000c\000o\000r\000d\000s}{section.5.16}% 258
\BOOKMARK [2][-]{subsection.5.16.2}{\376\377\000P\000r\000e\000d\000i\000c\000t\000i\000v\000e\000\040\000p\000e\000r\000f\000o\000r\000m\000a\000n\000c\000e\000,\000\040\000c\000a\000l\000i\000b\000r\000a\000t\000i\000o\000n\000,\000\040\000a\000n\000d\000\040\000l\000a\000w\000\040\000t\000r\000a\000n\000s\000f\000e\000r}{section.5.16}% 259
\BOOKMARK [2][-]{subsection.5.16.3}{\376\377\000N\000o\000i\000s\000e\000\040\000i\000d\000e\000n\000t\000i\000f\000i\000c\000a\000t\000i\000o\000n\000\040\000a\000n\000d\000\040\000c\000l\000e\000a\000n\000-\000r\000i\000s\000k\000\040\000r\000e\000c\000o\000n\000s\000t\000r\000u\000c\000t\000i\000o\000n}{section.5.16}% 260
\BOOKMARK [2][-]{subsection.5.16.4}{\376\377\000B\000e\000h\000a\000v\000i\000o\000r\000a\000l\000\040\000s\000t\000r\000u\000c\000t\000u\000r\000a\000l\000\040\000c\000h\000a\000n\000n\000e\000l\000s\000\040\000a\000n\000d\000\040\000i\000n\000t\000e\000r\000v\000e\000n\000t\000i\000o\000n\000s}{section.5.16}% 261
\BOOKMARK [2][-]{subsection.5.16.5}{\376\377\000B\000l\000a\000c\000k\000-\000b\000o\000x\000\040\000g\000e\000o\000m\000e\000t\000r\000y\000,\000\040\000a\000l\000i\000g\000n\000m\000e\000n\000t\000,\000\040\000a\000n\000d\000\040\000f\000u\000n\000c\000t\000i\000o\000n\000a\000l\000\040\000i\000n\000e\000q\000u\000a\000l\000i\000t\000i\000e\000s}{section.5.16}% 262
\BOOKMARK [2][-]{subsection.5.16.6}{\376\377\000B\000e\000h\000a\000v\000i\000o\000r\000a\000l\000\040\000q\000u\000o\000t\000i\000e\000n\000t\000s\000\040\000a\000n\000d\000\040\000r\000e\000s\000i\000d\000u\000a\000l\000\040\000s\000t\000r\000u\000c\000t\000u\000r\000e}{section.5.16}% 263
\BOOKMARK [2][-]{subsection.5.16.7}{\376\377\000M\000a\000s\000t\000e\000r\000\040\000b\000l\000a\000c\000k\000-\000b\000o\000x\000\040\000c\000e\000r\000t\000i\000f\000i\000c\000a\000t\000e}{section.5.16}% 264
\BOOKMARK [1][-]{section.5.17}{\376\377\000L\000e\000n\000g\000t\000h\000-\000B\000o\000u\000n\000d\000e\000d\000\040\000L\000e\000v\000i\000n\000\040\000S\000e\000a\000r\000c\000h\000\040\000a\000n\000d\000\040\000t\000h\000e\000\040\000S\000t\000r\000u\000c\000t\000u\000r\000a\000l\000\040\000L\000e\000a\000r\000n\000e\000r}{part.5}% 265
\BOOKMARK [2][-]{subsection.5.17.1}{\376\377\000P\000r\000e\000f\000i\000x\000\040\000c\000o\000d\000e\000s\000\040\000a\000n\000d\000\040\000l\000e\000n\000g\000t\000h\000-\000b\000o\000u\000n\000d\000e\000d\000\040\000s\000a\000t\000u\000r\000a\000t\000e\000d\000\040\000p\000r\000o\000f\000i\000l\000e\000s}{section.5.17}% 266
\BOOKMARK [2][-]{subsection.5.17.2}{\376\377\000T\000h\000e\000\040\000r\000e\000p\000r\000e\000s\000e\000n\000t\000e\000d\000\040\000L\000e\000v\000i\000n\000\040\000r\000e\000c\000o\000r\000d}{section.5.17}% 267
\BOOKMARK [2][-]{subsection.5.17.3}{\376\377\000C\000e\000r\000t\000i\000f\000i\000e\000d\000\040\000r\000e\000l\000a\000t\000i\000o\000n\000\040\000t\000o\000\040\000t\000h\000e\000\040\000s\000t\000r\000u\000c\000t\000u\000r\000a\000l\000\040\000l\000e\000a\000r\000n\000e\000r}{section.5.17}% 268
\BOOKMARK [2][-]{subsection.5.17.4}{\376\377\000C\000e\000r\000t\000i\000f\000i\000a\000b\000l\000e\000\040\000l\000e\000n\000g\000t\000h\000\040\000a\000n\000d\000\040\000s\000t\000r\000u\000c\000t\000u\000r\000a\000l\000\040\000a\000d\000v\000a\000n\000t\000a\000g\000e}{section.5.17}% 269
\BOOKMARK [2][-]{subsection.5.17.5}{\376\377\000R\000e\000s\000o\000u\000r\000c\000e\000-\000m\000a\000t\000c\000h\000e\000d\000\040\000b\000e\000n\000c\000h\000m\000a\000r\000k\000\040\000f\000r\000o\000n\000t\000i\000e\000r\000s}{section.5.17}% 270
\BOOKMARK [2][-]{subsection.5.17.6}{\376\377\000L\000P\000N\000\040\000v\000e\000r\000i\000f\000i\000e\000r\000\040\000a\000n\000d\000\040\000p\000a\000r\000a\000m\000e\000t\000e\000r\000-\000e\000x\000p\000l\000i\000c\000i\000t\000\040\000s\000p\000e\000c\000i\000a\000l\000i\000z\000a\000t\000i\000o\000n}{section.5.17}% 271
\BOOKMARK [1][-]{section.5.18}{\376\377\000S\000u\000m\000m\000a\000r\000y\000\040\000o\000f\000\040\000t\000h\000e\000\040\000D\000y\000n\000a\000m\000i\000c\000a\000l\000-\000S\000y\000s\000t\000e\000m\000s\000\040\000G\000e\000o\000m\000e\000t\000r\000y}{part.5}% 272
\BOOKMARK [0][-]{part.6}{\376\377\000V\000I\000\040\000A\000t\000t\000e\000n\000t\000i\000o\000n\000\040\000a\000s\000\040\000S\000t\000r\000u\000c\000t\000u\000r\000a\000l\000\040\000G\000r\000a\000d\000i\000e\000n\000t\000\040\000F\000l\000o\000w}{}% 273
\BOOKMARK [1][-]{section.6.0}{\376\377\000R\000e\000p\000r\000e\000s\000e\000n\000t\000e\000d\000\040\000A\000t\000t\000e\000n\000t\000i\000o\000n\000\040\000R\000e\000c\000o\000r\000d\000s}{part.6}% 274
\BOOKMARK [1][-]{section.6.1}{\376\377\000G\000i\000b\000b\000s\000\040\000G\000e\000o\000m\000e\000t\000r\000y\000\040\000a\000n\000d\000\040\000E\000x\000a\000c\000t\000\040\000S\000t\000r\000u\000c\000t\000u\000r\000a\000l\000\040\000C\000h\000a\000r\000g\000i\000n\000g}{part.6}% 275
\BOOKMARK [1][-]{section.6.2}{\376\377\000A\000t\000t\000e\000n\000t\000i\000o\000n\000\040\000T\000a\000r\000g\000e\000t\000-\000G\000a\000i\000n\000\040\000E\000n\000v\000e\000l\000o\000p\000e}{part.6}% 276
\BOOKMARK [1][-]{section.6.3}{\376\377\000S\000u\000m\000m\000a\000r\000y\000\040\000o\000f\000\040\000t\000h\000e\000\040\000A\000t\000t\000e\000n\000t\000i\000o\000n\000\040\000C\000o\000m\000p\000i\000l\000a\000t\000i\000o\000n}{part.6}% 277
\BOOKMARK [0][-]{part.7}{\376\377\000V\000I\000I\000\040\000S\000t\000r\000u\000c\000t\000u\000r\000a\000l\000\040\000M\000e\000t\000a\000-\000C\000o\000m\000p\000l\000e\000x\000i\000t\000y\000\040\000a\000s\000\040\000I\000n\000v\000e\000r\000s\000e\000\040\000C\000a\000p\000a\000b\000i\000l\000i\000t\000y\000\040\000T\000h\000e\000o\000r\000y}{}% 278
\BOOKMARK [1][-]{section.7.0}{\376\377\000I\000n\000t\000r\000o\000d\000u\000c\000t\000i\000o\000n\000:\000\040\000I\000n\000v\000e\000r\000s\000e\000\040\000C\000a\000p\000a\000b\000i\000l\000i\000t\000y\000\040\000F\000r\000o\000n\000t\000i\000e\000r\000s}{part.7}% 279
\BOOKMARK [1][-]{section.7.1}{\376\377\000S\000t\000r\000u\000c\000t\000u\000r\000a\000l\000\040\000C\000e\000r\000t\000i\000f\000i\000c\000a\000t\000e\000\040\000M\000e\000t\000a\000-\000P\000r\000o\000b\000l\000e\000m\000s}{part.7}% 280
\BOOKMARK [2][-]{subsection.7.1.1}{\376\377\000C\000o\000m\000p\000l\000e\000t\000e\000\040\000p\000r\000o\000f\000i\000l\000e\000\040\000d\000a\000t\000a\000\040\000a\000n\000d\000\040\000P\000a\000r\000e\000t\000o\000\040\000f\000e\000a\000s\000i\000b\000i\000l\000i\000t\000y}{section.7.1}% 281
\BOOKMARK [2][-]{subsection.7.1.2}{\376\377\000E\000x\000a\000c\000t\000\040\000g\000e\000n\000e\000r\000a\000l\000i\000z\000e\000d\000\040\000i\000n\000v\000e\000r\000s\000e}{section.7.1}% 282
\BOOKMARK [1][-]{section.7.2}{\376\377\000T\000e\000m\000p\000o\000r\000a\000l\000\040\000M\000e\000t\000a\000-\000C\000o\000m\000p\000l\000e\000x\000i\000t\000y\000\040\000a\000n\000d\000\040\000A\000c\000c\000o\000u\000n\000t\000a\000b\000i\000l\000i\000t\000y}{part.7}% 283
\BOOKMARK [2][-]{subsection.7.2.1}{\376\377\000S\000o\000u\000r\000c\000e\000,\000\040\000s\000e\000l\000e\000c\000t\000o\000r\000,\000\040\000a\000c\000t\000i\000v\000e\000,\000\040\000a\000n\000d\000\040\000a\000c\000c\000o\000u\000n\000t\000i\000n\000g\000\040\000f\000r\000o\000n\000t\000i\000e\000r\000s}{section.7.2}% 284
\BOOKMARK [1][-]{section.7.3}{\376\377\000S\000o\000u\000r\000c\000e\000-\000R\000e\000s\000o\000l\000v\000e\000d\000\040\000S\000t\000r\000u\000c\000t\000u\000r\000a\000l\000\040\000M\000e\000t\000a\000-\000C\000o\000m\000p\000l\000e\000x\000i\000t\000y}{part.7}% 285
\BOOKMARK [2][-]{subsection.7.3.1}{\376\377\000E\000x\000a\000c\000t\000\040\000c\000e\000l\000l\000\040\000f\000r\000o\000n\000t\000i\000e\000r\000s}{section.7.3}% 286
\BOOKMARK [1][-]{section.7.4}{\376\377\000R\000e\000p\000r\000e\000s\000e\000n\000t\000a\000t\000i\000o\000n\000,\000\040\000E\000x\000t\000r\000a\000c\000t\000i\000o\000n\000,\000\040\000a\000n\000d\000\040\000O\000p\000e\000r\000a\000t\000i\000o\000n\000a\000l\000\040\000I\000n\000t\000e\000r\000f\000a\000c\000e\000s}{part.7}% 287
\BOOKMARK [2][-]{subsection.7.4.1}{\376\377\000E\000x\000a\000c\000t\000\040\000d\000e\000n\000o\000t\000a\000t\000i\000o\000n\000\040\000a\000n\000d\000\040\000e\000x\000t\000r\000a\000c\000t\000i\000o\000n}{section.7.4}% 288
\BOOKMARK [2][-]{subsection.7.4.2}{\376\377\000D\000e\000c\000i\000s\000i\000o\000n\000,\000\040\000s\000e\000a\000r\000c\000h\000,\000\040\000c\000e\000r\000t\000i\000f\000i\000c\000a\000t\000i\000o\000n\000,\000\040\000a\000n\000d\000\040\000d\000e\000p\000l\000o\000y\000m\000e\000n\000t}{section.7.4}% 289
\BOOKMARK [1][-]{section.7.5}{\376\377\000C\000l\000a\000s\000s\000i\000c\000a\000l\000\040\000R\000e\000p\000r\000e\000s\000e\000n\000t\000a\000t\000i\000o\000n\000-\000M\000i\000n\000i\000m\000i\000z\000a\000t\000i\000o\000n\000\040\000S\000p\000e\000c\000i\000a\000l\000i\000z\000a\000t\000i\000o\000n\000s}{part.7}% 290
\BOOKMARK [2][-]{subsection.7.5.1}{\376\377\000C\000i\000r\000c\000u\000i\000t\000\040\000m\000i\000n\000i\000m\000i\000z\000a\000t\000i\000o\000n}{section.7.5}% 291
\BOOKMARK [2][-]{subsection.7.5.2}{\376\377\000U\000n\000i\000v\000e\000r\000s\000a\000l\000\040\000p\000r\000o\000g\000r\000a\000m\000s\000\040\000a\000n\000d\000\040\000t\000i\000m\000e\000-\000s\000e\000n\000s\000i\000t\000i\000v\000e\000\040\000c\000o\000s\000t\000s}{section.7.5}% 292
\BOOKMARK [1][-]{section.7.6}{\376\377\000P\000r\000e\000f\000i\000x\000\040\000C\000o\000d\000i\000n\000g\000\040\000a\000n\000d\000\040\000S\000t\000r\000u\000c\000t\000u\000r\000a\000l\000\040\000I\000n\000c\000o\000m\000p\000r\000e\000s\000s\000i\000b\000i\000l\000i\000t\000y}{part.7}% 293
\BOOKMARK [2][-]{subsection.7.6.1}{\376\377\000U\000n\000c\000o\000n\000d\000i\000t\000i\000o\000n\000a\000l\000\040\000c\000o\000u\000n\000t\000i\000n\000g\000\040\000b\000o\000u\000n\000d\000s}{section.7.6}% 294
\BOOKMARK [2][-]{subsection.7.6.2}{\376\377\000R\000e\000p\000r\000e\000s\000e\000n\000t\000e\000d\000\040\000c\000o\000d\000i\000n\000g\000\040\000t\000r\000a\000n\000s\000f\000e\000r}{section.7.6}% 295
\BOOKMARK [1][-]{section.7.7}{\376\377\000L\000e\000a\000r\000n\000i\000n\000g\000,\000\040\000C\000o\000m\000p\000r\000e\000s\000s\000i\000o\000n\000,\000\040\000a\000n\000d\000\040\000N\000a\000t\000u\000r\000a\000l\000\040\000P\000r\000o\000p\000e\000r\000t\000i\000e\000s}{part.7}% 296
\BOOKMARK [2][-]{subsection.7.7.1}{\376\377\000L\000e\000a\000r\000n\000e\000d\000\040\000r\000e\000c\000o\000r\000d\000s\000\040\000a\000s\000\040\000f\000e\000a\000s\000i\000b\000l\000e\000\040\000m\000e\000t\000a\000-\000c\000e\000r\000t\000i\000f\000i\000c\000a\000t\000e\000s}{section.7.7}% 297
\BOOKMARK [1][-]{section.7.8}{\376\377\000R\000e\000p\000r\000e\000s\000e\000n\000t\000e\000d\000\040\000H\000a\000r\000d\000n\000e\000s\000s\000\040\000M\000a\000g\000n\000i\000f\000i\000c\000a\000t\000i\000o\000n}{part.7}% 298
\BOOKMARK [1][-]{section.7.9}{\376\377\000A\000p\000p\000l\000i\000c\000a\000t\000i\000o\000n\000\040\000I\000n\000t\000e\000r\000f\000a\000c\000e\000\040\000a\000n\000d\000\040\000C\000h\000a\000p\000t\000e\000r\000\040\000S\000u\000m\000m\000a\000r\000y}{part.7}% 299
\BOOKMARK [0][-]{part.8}{\376\377\000V\000I\000I\000I\000\040\000R\000e\000s\000o\000u\000r\000c\000e\000-\000B\000o\000u\000n\000d\000e\000d\000\040\000S\000t\000r\000u\000c\000t\000u\000r\000a\000l\000\040\000A\000n\000a\000l\000y\000s\000i\000s\000\040\000o\000f\000\040\000L\000P\000N}{}% 300
\BOOKMARK [1][-]{section.8.0}{\376\377\000A\000p\000p\000l\000i\000c\000a\000t\000i\000o\000n\000\040\000t\000o\000\040\000L\000e\000a\000r\000n\000i\000n\000g\000\040\000P\000a\000r\000i\000t\000y\000\040\000w\000i\000t\000h\000\040\000N\000o\000i\000s\000e}{part.8}% 301
\BOOKMARK [1][-]{section.8.1}{\376\377\000T\000h\000e\000\040\000L\000P\000N\000\040\000T\000a\000s\000k\000\040\000P\000r\000e\000s\000e\000n\000t\000a\000t\000i\000o\000n}{part.8}% 302
\BOOKMARK [1][-]{section.8.2}{\376\377\000S\000t\000a\000t\000i\000s\000t\000i\000c\000a\000l\000\040\000A\000t\000t\000a\000c\000k\000s\000\040\000a\000s\000\040\000S\000a\000t\000u\000r\000a\000t\000e\000d\000\040\000L\000P\000N\000\040\000L\000e\000a\000r\000n\000i\000n\000g}{part.8}% 303
\BOOKMARK [2][-]{subsection.8.2.1}{\376\377\000N\000o\000i\000s\000y\000\040\000p\000a\000r\000i\000t\000y\000\040\000a\000s\000\040\000a\000\040\000c\000o\000r\000r\000u\000p\000t\000e\000d\000\040\000b\000i\000n\000a\000r\000y\000\040\000t\000a\000r\000g\000e\000t}{section.8.2}% 304
\BOOKMARK [2][-]{subsection.8.2.2}{\376\377\000U\000n\000i\000f\000o\000r\000m\000\040\000t\000a\000r\000g\000e\000t\000-\000a\000l\000i\000g\000n\000m\000e\000n\000t\000\040\000b\000o\000u\000n\000d}{section.8.2}% 305
\BOOKMARK [1][-]{section.8.3}{\376\377\000C\000o\000n\000s\000t\000a\000n\000t\000-\000N\000o\000i\000s\000e\000\040\000S\000p\000e\000c\000t\000r\000a\000l\000\040\000C\000l\000o\000s\000u\000r\000e\000\040\000L\000e\000d\000g\000e\000r}{part.8}% 306
\BOOKMARK [1][-]{section.8.4}{\376\377\000C\000a\000n\000d\000i\000d\000a\000t\000e\000\040\000R\000e\000c\000o\000v\000e\000r\000y\000\040\000a\000n\000d\000\040\000P\000r\000o\000s\000p\000e\000c\000t\000i\000v\000e\000\040\000S\000e\000l\000e\000c\000t\000o\000r\000\040\000A\000c\000c\000o\000u\000n\000t\000a\000b\000i\000l\000i\000t\000y}{part.8}% 307
\BOOKMARK [1][-]{section.8.5}{\376\377\000P\000u\000b\000l\000i\000c\000\040\000V\000e\000r\000i\000f\000i\000c\000a\000t\000i\000o\000n\000\040\000o\000f\000\040\000t\000h\000e\000\040\000L\000P\000N\000\040\000T\000a\000r\000g\000e\000t}{part.8}% 308
\BOOKMARK [1][-]{section.8.6}{\376\377\000Q\000u\000a\000n\000t\000i\000t\000a\000t\000i\000v\000e\000\040\000N\000o\000i\000s\000e\040\023\000R\000e\000s\000o\000u\000r\000c\000e\000\040\000P\000h\000a\000s\000e\000\040\000D\000i\000a\000g\000r\000a\000m}{part.8}% 309
\BOOKMARK [2][-]{subsection.8.6.1}{\376\377\000E\000x\000a\000c\000t\000\040\000f\000i\000n\000i\000t\000e\000-\000b\000u\000d\000g\000e\000t\000\040\000e\000r\000r\000o\000r\000\040\000e\000n\000u\000m\000e\000r\000a\000t\000i\000o\000n}{section.8.6}% 310
\BOOKMARK [1][-]{section.8.7}{\376\377\000A\000s\000y\000m\000p\000t\000o\000t\000i\000c\000,\000\040\000S\000t\000a\000t\000i\000s\000t\000i\000c\000a\000l\000,\000\040\000a\000n\000d\000\040\000I\000n\000f\000o\000r\000m\000a\000t\000i\000o\000n\000\040\000T\000h\000r\000e\000s\000h\000o\000l\000d\000s}{part.8}% 311
\BOOKMARK [2][-]{subsection.8.7.1}{\376\377\000T\000h\000e\000\040\000s\000a\000t\000u\000r\000a\000t\000e\000d\000\040\000c\000o\000m\000p\000u\000t\000a\000t\000i\000o\000n\000a\000l\000\040\000b\000o\000u\000n\000d\000a\000r\000y}{section.8.7}% 312
\BOOKMARK [1][-]{section.8.8}{\376\377\000S\000t\000r\000u\000c\000t\000u\000r\000a\000l\000\040\000C\000o\000r\000e\000\040\000R\000e\000d\000u\000c\000t\000i\000o\000n\000\040\000f\000o\000r\000\040\000L\000P\000N}{part.8}% 313
\BOOKMARK [2][-]{subsection.8.8.1}{\376\377\000R\000e\000p\000r\000e\000s\000e\000n\000t\000a\000t\000i\000o\000n\000\040\000a\000n\000d\000\040\000G\000e\000o\000m\000e\000t\000r\000i\000c\000\040\000S\000o\000u\000r\000c\000e\000\040\000B\000o\000u\000n\000d\000s}{section.8.8}% 314
\BOOKMARK [2][-]{subsection.8.8.2}{\376\377\000C\000a\000p\000a\000c\000i\000t\000y\000\040\000a\000n\000d\000\040\000a\000r\000r\000i\000v\000a\000l\000\040\000t\000r\000a\000n\000s\000f\000e\000r\000\040\000u\000n\000d\000e\000r\000\040\000v\000a\000l\000i\000d\000\040\000l\000i\000f\000t\000s}{section.8.8}% 315
\BOOKMARK [2][-]{subsection.8.8.3}{\376\377\000A\000m\000b\000i\000e\000n\000t\000\040\000a\000n\000c\000e\000s\000t\000r\000y\000\040\000a\000n\000d\000\040\000p\000e\000r\000m\000u\000t\000a\000t\000i\000o\000n\000\040\000b\000o\000u\000n\000d\000s}{section.8.8}% 316
\BOOKMARK [1][-]{section.8.9}{\376\377\000R\000e\000s\000i\000d\000u\000a\000l\000\040\000P\000e\000r\000t\000u\000r\000b\000a\000t\000i\000o\000n\000s\000,\000\040\000L\000i\000k\000e\000l\000i\000h\000o\000o\000d\000\040\000Q\000u\000o\000t\000i\000e\000n\000t\000s\000,\000\040\000a\000n\000d\000\040\000D\000i\000r\000e\000c\000t\000-\000T\000a\000r\000g\000e\000t\000\040\000O\000b\000s\000t\000r\000u\000c\000t\000i\000o\000n\000s}{part.8}% 317
\BOOKMARK [2][-]{subsection.8.9.1}{\376\377\000R\000e\000s\000i\000d\000u\000a\000l\000\040\000D\000i\000s\000p\000l\000a\000c\000e\000m\000e\000n\000t\000\040\000a\000n\000d\000\040\000S\000i\000m\000u\000l\000t\000a\000n\000e\000o\000u\000s\000\040\000S\000e\000p\000a\000r\000a\000t\000i\000o\000n}{section.8.9}% 318
\BOOKMARK [2][-]{subsection.8.9.2}{\376\377\000B\000a\000s\000e\000\040\000a\000n\000d\000\040\000L\000i\000f\000t\000e\000d\000\040\000R\000e\000s\000i\000d\000u\000a\000l\000\040\000D\000r\000i\000f\000t}{section.8.9}% 319
\BOOKMARK [2][-]{subsection.8.9.3}{\376\377\000R\000e\000s\000i\000d\000u\000a\000l\000\040\000L\000i\000k\000e\000l\000i\000h\000o\000o\000d\000\040\000Q\000u\000o\000t\000i\000e\000n\000t\000s\000\040\000a\000n\000d\000\040\000C\000o\000m\000p\000a\000c\000t\000\040\000F\000a\000c\000t\000o\000r\000i\000z\000a\000t\000i\000o\000n}{section.8.9}% 320
\BOOKMARK [2][-]{subsection.8.9.4}{\376\377\000D\000i\000r\000e\000c\000t\000-\000T\000a\000r\000g\000e\000t\000\040\000P\000e\000r\000t\000u\000r\000b\000a\000t\000i\000o\000n\000\040\000O\000b\000s\000t\000r\000u\000c\000t\000i\000o\000n}{section.8.9}% 321
\BOOKMARK [1][-]{section.8.10}{\376\377\000P\000u\000b\000l\000i\000c\000-\000A\000n\000c\000e\000s\000t\000r\000y\000\040\000L\000o\000c\000a\000l\000\040\000G\000e\000o\000m\000e\000t\000r\000y\000\040\000a\000n\000d\000\040\000G\000a\000t\000e\000\040\000E\000v\000a\000l\000u\000a\000t\000i\000o\000n}{part.8}% 322
\BOOKMARK [2][-]{subsection.8.10.1}{\376\377\000T\000a\000r\000g\000e\000t\000-\000e\000d\000g\000e\000\040\000a\000n\000d\000\040\000a\000n\000c\000e\000s\000t\000r\000y\000\040\000n\000o\000r\000m\000a\000l\000\040\000f\000o\000r\000m\000s}{section.8.10}% 323
\BOOKMARK [2][-]{subsection.8.10.2}{\376\377\000I\000d\000e\000n\000t\000i\000t\000y\000-\000s\000u\000p\000p\000o\000r\000t\000e\000d\000\040\000g\000a\000t\000e\000\040\000r\000e\000c\000o\000r\000d\000s}{section.8.10}% 324
\BOOKMARK [2][-]{subsection.8.10.3}{\376\377\000P\000a\000r\000a\000m\000e\000t\000e\000r\000-\000e\000x\000p\000l\000i\000c\000i\000t\000\040\000v\000e\000r\000i\000f\000i\000e\000r\000\040\000g\000e\000o\000m\000e\000t\000r\000y}{section.8.10}% 325
\BOOKMARK [1][-]{section.8.11}{\376\377\000C\000o\000n\000t\000r\000o\000l\000l\000e\000d\000\040\000C\000a\000p\000a\000c\000i\000t\000y\000\040\000a\000n\000d\000\040\000C\000a\000u\000s\000\040\000A\000i\000m\000i\000n\000g\000\040\000f\000o\000r\000\040\000L\000P\000N}{part.8}% 326
\BOOKMARK [2][-]{subsection.8.11.1}{\376\377\000B\000a\000s\000e\000-\000C\000a\000r\000r\000i\000e\000r\000\040\000C\000a\000p\000a\000c\000i\000t\000y\000\040\000a\000n\000d\000\040\000G\000l\000o\000b\000a\000l\000\040\000D\000r\000i\000f\000t}{section.8.11}% 327
\BOOKMARK [2][-]{subsection.8.11.2}{\376\377\000R\000e\000s\000i\000d\000u\000a\000l\000\040\000C\000a\000u\000s\000\040\000E\000n\000e\000r\000g\000y\000\040\000a\000n\000d\000\040\000C\000o\000n\000t\000a\000c\000t\000\040\000C\000o\000n\000v\000e\000r\000s\000i\000o\000n}{section.8.11}% 328
\BOOKMARK [2][-]{subsection.8.11.3}{\376\377\000N\000o\000i\000s\000e\000-\000I\000n\000d\000e\000x\000e\000d\000\040\000V\000a\000l\000i\000d\000-\000L\000i\000f\000t\000\040\000I\000n\000t\000e\000r\000f\000a\000c\000e\000s}{section.8.11}% 329
\BOOKMARK [1][-]{section.8.12}{\376\377\000H\000y\000p\000e\000r\000c\000u\000b\000e\000\040\000F\000u\000n\000c\000t\000i\000o\000n\000a\000l\000\040\000G\000e\000o\000m\000e\000t\000r\000y\000\040\000a\000n\000d\000\040\000L\000e\000a\000r\000n\000e\000d\000\040\000O\000p\000e\000r\000a\000t\000o\000r\000s}{part.8}% 330
\BOOKMARK [2][-]{subsection.8.12.1}{\376\377\000E\000x\000a\000c\000t\000\040\000h\000y\000p\000e\000r\000c\000u\000b\000e\000\040\000s\000p\000e\000c\000t\000r\000u\000m\000\040\000a\000n\000d\000\040\000f\000u\000n\000c\000t\000i\000o\000n\000a\000l\000\040\000o\000u\000t\000p\000u\000t\000s}{section.8.12}% 331
\BOOKMARK [2][-]{subsection.8.12.2}{\376\377\000C\000a\000p\000a\000c\000i\000t\000y\000,\000\040\000e\000f\000f\000e\000c\000t\000i\000v\000e\000\040\000d\000i\000m\000e\000n\000s\000i\000o\000n\000,\000\040\000a\000n\000d\000\040\000c\000a\000r\000r\000i\000e\000r\000\040\000p\000r\000o\000f\000i\000l\000e}{section.8.12}% 332
\BOOKMARK [2][-]{subsection.8.12.3}{\376\377\000N\000o\000n\000l\000i\000n\000e\000a\000r\000\040\000r\000e\000w\000e\000i\000g\000h\000t\000i\000n\000g\000\040\000a\000n\000d\000\040\000l\000e\000a\000r\000n\000e\000d\000-\000o\000p\000e\000r\000a\000t\000o\000r\000\040\000t\000r\000a\000n\000s\000f\000e\000r}{section.8.12}% 333
\BOOKMARK [1][-]{section.8.13}{\376\377\000L\000P\000N\000\040\000C\000o\000m\000m\000i\000t\000t\000o\000r\000s\000\040\000a\000n\000d\000\040\000D\000y\000n\000a\000m\000i\000c\000a\000l\000\040\000L\000e\000a\000r\000n\000i\000n\000g}{part.8}% 334
\BOOKMARK [2][-]{subsection.8.13.1}{\376\377\000C\000o\000m\000m\000i\000t\000t\000o\000r\000\040\000a\000n\000d\000\040\000B\000e\000l\000l\000m\000a\000n\000\040\000p\000r\000o\000p\000a\000g\000a\000t\000i\000o\000n}{section.8.13}% 335
\BOOKMARK [2][-]{subsection.8.13.2}{\376\377\000S\000a\000f\000e\000\040\000s\000p\000e\000c\000t\000r\000a\000\040\000a\000n\000d\000\040\000d\000e\000p\000e\000n\000d\000e\000n\000t\000-\000d\000a\000t\000a\000\040\000c\000a\000n\000d\000i\000d\000a\000t\000e\000s}{section.8.13}% 336
\BOOKMARK [2][-]{subsection.8.13.3}{\376\377\000C\000o\000m\000p\000l\000e\000t\000e\000\040\000l\000e\000a\000r\000n\000i\000n\000g\000\040\000t\000r\000a\000n\000s\000f\000e\000r\000\040\000a\000n\000d\000\040\000s\000t\000r\000e\000s\000s\000\040\000t\000e\000s\000t\000s}{section.8.13}% 337
\BOOKMARK [2][-]{subsection.8.13.4}{\376\377\000E\000x\000a\000c\000t\000\040\000B\000K\000W\000\040\000t\000r\000a\000c\000e\000s\000\040\000a\000n\000d\000\040\000r\000e\000s\000o\000u\000r\000c\000e\000-\000m\000a\000t\000c\000h\000e\000d\000\040\000c\000o\000m\000p\000a\000r\000i\000s\000o\000n}{section.8.13}% 338
\BOOKMARK [1][-]{section.8.14}{\376\377\000R\000e\000a\000d\000o\000u\000t\000-\000A\000g\000n\000o\000s\000t\000i\000c\000\040\000C\000a\000p\000a\000c\000i\000t\000y\000,\000\040\000I\000n\000f\000o\000r\000m\000a\000t\000i\000o\000n\000,\000\040\000a\000n\000d\000\040\000B\000l\000a\000c\000k\000w\000e\000l\000l\000\040\000E\000n\000v\000e\000l\000o\000p\000e\000s}{part.8}% 339
\BOOKMARK [2][-]{subsection.8.14.1}{\376\377\000I\000n\000v\000a\000r\000i\000a\000n\000t\000-\000l\000a\000w\000\040\000c\000a\000p\000a\000c\000i\000t\000y\000\040\000a\000n\000d\000\040\000r\000e\000p\000r\000e\000s\000e\000n\000t\000e\000d\000\040\000t\000i\000l\000t\000s}{section.8.14}% 340
\BOOKMARK [2][-]{subsection.8.14.2}{\376\377\000S\000e\000q\000u\000e\000n\000t\000i\000a\000l\000\040\000i\000n\000f\000o\000r\000m\000a\000t\000i\000o\000n\000\040\000c\000o\000n\000t\000r\000a\000c\000t\000i\000o\000n\000\040\000f\000o\000r\000\040\000t\000h\000e\000\040\000L\000P\000N\000\040\000p\000r\000e\000s\000e\000n\000t\000a\000t\000i\000o\000n}{section.8.14}% 341
\BOOKMARK [2][-]{subsection.8.14.3}{\376\377\000B\000l\000a\000c\000k\000w\000e\000l\000l\000\040\000e\000n\000v\000e\000l\000o\000p\000e\000s\000\040\000f\000o\000r\000\040\000L\000P\000N\000\040\000p\000r\000e\000-\000h\000i\000t\000\040\000r\000e\000a\000d\000o\000u\000t\000s}{section.8.14}% 342
\BOOKMARK [2][-]{subsection.8.14.4}{\376\377\000S\000p\000a\000r\000s\000e\000-\000r\000e\000w\000a\000r\000d\000\040\000o\000b\000s\000e\000r\000v\000a\000t\000i\000o\000n\000\040\000a\000n\000d\000\040\000t\000r\000a\000n\000s\000p\000o\000r\000t\000\040\000a\000c\000c\000o\000u\000n\000t\000i\000n\000g\000\040\000f\000o\000r\000\040\000L\000P\000N}{section.8.14}% 343
\BOOKMARK [1][-]{section.8.15}{\376\377\000O\000p\000t\000i\000m\000a\000l\000\040\000S\000t\000r\000u\000c\000t\000u\000r\000a\000l\000\040\000A\000c\000t\000i\000v\000e\000\040\000S\000a\000m\000p\000l\000i\000n\000g\000\040\000f\000o\000r\000\040\000L\000P\000N}{part.8}% 344
\BOOKMARK [2][-]{subsection.8.15.1}{\376\377\000S\000t\000r\000u\000c\000t\000u\000r\000a\000l\000\040\000B\000a\000y\000e\000s\000i\000a\000n\000\040\000l\000e\000a\000r\000n\000i\000n\000g\000\040\000f\000o\000r\000\040\000L\000P\000N}{section.8.15}% 345
\BOOKMARK [1][-]{section.8.16}{\376\377\000C\000h\000a\000r\000g\000e\000d\000\040\000D\000e\000c\000o\000d\000e\000r\000\040\000G\000e\000o\000m\000e\000t\000r\000y\000\040\000a\000n\000d\000\040\000C\000u\000r\000r\000e\000n\000t\000\040\000C\000l\000a\000s\000s\000i\000f\000i\000c\000a\000t\000i\000o\000n}{part.8}% 346
\BOOKMARK [2][-]{subsection.8.16.1}{\376\377\000P\000o\000s\000t\000-\000O\000u\000t\000p\000u\000t\000\040\000D\000e\000c\000o\000d\000e\000r\000\040\000G\000e\000o\000m\000e\000t\000r\000y\000\040\000a\000n\000d\000\040\000L\000e\000v\000e\000l\000\040\000Q\000u\000o\000t\000i\000e\000n\000t\000s}{section.8.16}% 347
\BOOKMARK [2][-]{subsection.8.16.2}{\376\377\000S\000e\000l\000e\000c\000t\000e\000d\000-\000C\000u\000r\000r\000e\000n\000t\000\040\000H\000o\000d\000g\000e\000\040\000C\000l\000a\000s\000s\000i\000f\000i\000c\000a\000t\000i\000o\000n}{section.8.16}% 348
\BOOKMARK [2][-]{subsection.8.16.3}{\376\377\000G\000e\000o\000m\000e\000t\000r\000i\000c\000-\000S\000o\000u\000r\000c\000e\000\040\000E\000x\000c\000l\000u\000s\000i\000o\000n}{section.8.16}% 349
\BOOKMARK [1][-]{section.8.17}{\376\377\000F\000i\000v\000e\000-\000F\000a\000m\000i\000l\000y\000\040\000P\000r\000o\000v\000e\000n\000a\000n\000c\000e\000\040\000a\000n\000d\000\040\000A\000l\000g\000e\000b\000r\000a\000i\000c\000\040\000S\000o\000u\000r\000c\000e\000\040\000C\000l\000a\000s\000s\000e\000s}{part.8}% 350
\BOOKMARK [2][-]{subsection.8.17.1}{\376\377\000A\000d\000d\000i\000t\000i\000v\000e\000\040\000a\000n\000d\000\040\000S\000y\000m\000m\000e\000t\000r\000y\000\040\000S\000o\000u\000r\000c\000e\000s}{section.8.17}% 351
\BOOKMARK [2][-]{subsection.8.17.2}{\376\377\000M\000u\000l\000t\000i\000p\000l\000i\000c\000a\000t\000i\000v\000e\000\040\000a\000n\000d\000\040\000O\000r\000d\000e\000r\000\040\000S\000o\000u\000r\000c\000e\000s}{section.8.17}% 352
\BOOKMARK [1][-]{section.8.18}{\376\377\000F\000i\000l\000t\000r\000a\000t\000i\000o\000n\000,\000\040\000Q\000u\000o\000t\000i\000e\000n\000t\000,\000\040\000a\000n\000d\000\040\000R\000e\000v\000e\000r\000s\000i\000b\000l\000e\000-\000C\000o\000a\000r\000s\000e\000n\000i\000n\000g\000\040\000C\000l\000o\000s\000u\000r\000e}{part.8}% 353
\BOOKMARK [1][-]{section.8.19}{\376\377\000R\000e\000s\000i\000d\000u\000a\000l\000\040\000A\000m\000b\000i\000e\000n\000t\000\040\000G\000e\000o\000m\000e\000t\000r\000y\000\040\000a\000n\000d\000\040\000F\000i\000v\000e\000-\000F\000a\000m\000i\000l\000y\000\040\000A\000f\000f\000o\000r\000d\000a\000b\000i\000l\000i\000t\000y}{part.8}% 354
\BOOKMARK [1][-]{section.8.20}{\376\377\000F\000i\000r\000s\000t\000-\000H\000i\000t\000\040\000A\000c\000c\000o\000u\000n\000t\000a\000b\000i\000l\000i\000t\000y\000\040\000a\000n\000d\000\040\000C\000o\000m\000p\000l\000e\000t\000e\000\040\000S\000o\000u\000r\000c\000e\000\040\000E\000x\000h\000a\000u\000s\000t\000i\000o\000n}{part.8}% 355
\BOOKMARK [2][-]{subsection.8.20.1}{\376\377\000F\000i\000r\000s\000t\000-\000h\000i\000t\000\040\000a\000c\000c\000o\000u\000n\000t\000i\000n\000g\000\040\000a\000n\000d\000\040\000s\000o\000u\000r\000c\000e\000\040\000m\000o\000d\000e\000s}{section.8.20}% 356
\BOOKMARK [2][-]{subsection.8.20.2}{\376\377\000C\000o\000m\000p\000l\000e\000t\000e\000\040\000p\000r\000o\000s\000p\000e\000c\000t\000i\000v\000e\000\040\000v\000a\000l\000u\000e\000\040\000r\000o\000u\000t\000i\000n\000g}{section.8.20}% 357
\BOOKMARK [2][-]{subsection.8.20.3}{\376\377\000C\000o\000m\000p\000l\000e\000t\000e\000\040\000G\000e\000o\000m\000\040\000e\000x\000h\000a\000u\000s\000t\000i\000o\000n\000\040\000a\000n\000d\000\040\000s\000a\000t\000u\000r\000a\000t\000e\000d\000\040\000e\000v\000a\000l\000u\000a\000t\000i\000o\000n}{section.8.20}% 358
\BOOKMARK [2][-]{subsection.8.20.4}{\376\377\000S\000e\000l\000e\000c\000t\000o\000r\000\040\000a\000n\000d\000\040\000v\000a\000l\000i\000d\000-\000L\000i\000f\000t\000\040\000c\000o\000n\000s\000e\000q\000u\000e\000n\000c\000e\000s}{section.8.20}% 359
\BOOKMARK [1][-]{section.8.21}{\376\377\000E\000x\000a\000c\000t\000\040\000R\000e\000d\000u\000c\000t\000i\000o\000n\000\040\000o\000f\000\040\000t\000h\000e\000\040\000S\000a\000t\000u\000r\000a\000t\000e\000d\000\040\000L\000P\000N\000\040\000P\000r\000o\000f\000i\000l\000e}{part.8}% 360
\BOOKMARK [1][-]{section.8.22}{\376\377\000H\000a\000r\000d\000n\000e\000s\000s\000\040\000f\000r\000o\000m\000\040\000t\000h\000e\000\040\000S\000a\000t\000u\000r\000a\000t\000e\000d\000\040\000P\000r\000o\000s\000p\000e\000c\000t\000i\000v\000e\000\040\000P\000r\000o\000f\000i\000l\000e}{part.8}% 361
\BOOKMARK [1][-]{section.8.23}{\376\377\000C\000o\000m\000p\000l\000e\000x\000i\000t\000y\000-\000B\000a\000r\000r\000i\000e\000r\000\040\000I\000n\000t\000e\000r\000p\000r\000e\000t\000a\000t\000i\000o\000n\000\040\000f\000o\000r\000\040\000L\000P\000N}{part.8}% 362
\BOOKMARK [2][-]{subsection.8.23.1}{\376\377\000R\000e\000l\000a\000t\000i\000v\000i\000z\000a\000t\000i\000o\000n}{section.8.23}% 363
\BOOKMARK [2][-]{subsection.8.23.2}{\376\377\000N\000a\000t\000u\000r\000a\000l\000\040\000p\000r\000o\000o\000f\000s}{section.8.23}% 364
\BOOKMARK [2][-]{subsection.8.23.3}{\376\377\000A\000l\000g\000e\000b\000r\000i\000z\000a\000t\000i\000o\000n}{section.8.23}% 365
\BOOKMARK [2][-]{subsection.8.23.4}{\376\377\000O\000r\000a\000c\000l\000e\000-\000B\000l\000i\000n\000d\000\040\000F\000a\000m\000i\000l\000y\000\040\000C\000l\000a\000s\000s\000i\000f\000i\000c\000a\000t\000i\000o\000n}{section.8.23}% 366
\BOOKMARK [1][-]{section.8.24}{\376\377\000C\000o\000n\000c\000l\000u\000s\000i\000o\000n}{part.8}% 367
\BOOKMARK [1][-]{appendix.A}{\376\377\000I\000n\000d\000e\000x\000\040\000o\000f\000\040\000N\000o\000t\000a\000t\000i\000o\000n}{part.8}% 368
\BOOKMARK [2][-]{subsection.A.1}{\376\377\000S\000u\000p\000e\000r\000s\000c\000r\000i\000p\000t\000\040\000a\000n\000d\000\040\000s\000u\000b\000s\000c\000r\000i\000p\000t\000\040\000c\000o\000n\000v\000e\000n\000t\000i\000o\000n\000s}{appendix.A}% 369
